latitude,longitude,strength
-31.570221770091578,117.18531334232681,4.0161628252843276
-30.346192078865446,116.9401897152081,5.073824591822023
-30.42847184210526,117.05421342105264,5.98391812865497
-30.576525426706826,117.3139109019411,6.270057495309218
-30.659329629629628,117.43355925925925,9.129629629629628
-31.16130247252747,118.27088351648352,3.730354098194868
-31.242990583333334,118.44898808333333,4.2398750000000005
-31.250715438988095,118.53412101934525,4.653068417309429
-31.299125418275416,118.70013758043757,4.553335302826678
-31.337497619047618,118.79451238095238,4.568253968253968
-32.603285326086954,117.58899067028986,4.844076620446043
-30.499194392736563,116.94705928460625,5.8878527504086975
-30.442976608187134,117.01545350877193,7.829991645781119
-30.452816666666667,117.20363333333334,8.444444444444445
-30.461075424448214,117.29551068194681,3.9084602419291663
-30.498739420289855,117.36107695652174,4.527139363754655
-30.537833401360544,117.50779612244898,4.812067721825572
-30.570458073458074,117.57617387387387,4.9193066156688445
-30.582,117.63645769230769,8.903846153846153
-30.55034542910448,117.74637638370646,5.113561193543959
-30.569493333333334,117.80976333333334,6.383333333333334
-32.45151111111111,116.84638333333334,8.083333333333334
-32.53587222222222,116.82133333333333,5.916666666666667
-32.570586956521744,116.82153695652173,3.453804347826087
-32.62626018518519,116.81091296296296,6.675000000000001
-32.651291666666665,116.79399166666667,8.25
-32.67247528735632,116.75175114942527,4.615038314176245
-32.736402777777776,116.71202222222223,9.541666666666666
-32.78391111111111,116.67125555555556,8.416666666666666
-32.810525,116.64127500000001,14.25
-32.86999743589744,116.59417564102566,6.5576923076923075
-32.90855555555556,116.58765,5.833333333333333
-32.97373333333333,116.57586666666667,7.821428571428571
-33.00967,116.56322666666668,6.05
-33.106791666666666,116.5387875,6.85625
-33.13909583333333,116.539575,5.5
-33.17219166666666,116.53245833333332,12.5
-33.215927083333334,116.53877916666667,7.21875
-33.29261,116.48450166666666,7.215000000000001
-33.35285,116.4824388888889,7.666666666666667
-33.46306333333333,116.48834333333335,9.1
-33.558299999999996,116.41975952380952,9.452380952380953
-33.58721333333333,116.40550333333333,9.4
-33.64135833333333,116.38655833333334,11.0
-33.66235694444445,116.37082777777778,7.554166666666667
-33.806378571428574,116.31872380952382,7.892857142857143
-33.83396111111111,116.48947222222222,8.333333333333334
-33.839933333333335,116.5498125,9.875
-33.848594444444444,116.62619444444444,6.583333333333333
-33.85470666666667,116.66596166666666,6.522499999999999
-33.88016666666667,116.8227962962963,7.222222222222222
-33.89556666666667,116.92107916666667,7.5
-33.92266666666667,117.06145000000001,11.0
-33.927679166666664,117.15415416666667,8.6875
-33.9455921875,117.33560364583333,7.529166666666667
-33.93859673913043,117.45930905797103,10.22677607274794
-33.85981139930252,117.38362343068874,3.4356983116570654
-33.76472490108803,117.38268542284868,4.826946196588299
-33.69806060606061,117.30525606060606,7.243181818181818
-33.65882916666666,117.27594375,7.028125
-33.488361805555556,117.19001631944445,6.835069444444444
-33.42041666666667,117.16121666666666,13.0
-33.33293333333333,117.12736666666666,15.875
-33.28120745614035,117.14541403508771,10.423245614035087
-33.23782083333333,117.13439166666666,4.669791666666667
-33.28223119910423,117.0686323730999,3.9493762691922365
-33.10427023809524,117.05427357142858,8.761071428571428
-32.98485565217391,116.97060289855074,6.290250444952963
-32.72526040010962,117.2403754681648,3.357465485084613
-32.8099654300632,117.36354156361638,2.910934912586174
-32.84141666666666,117.42810833333334,6.0
-32.88324848484849,117.50099999999999,6.127272727272728
-32.89869375,117.53142395833333,4.845052083333333
-32.93043333333333,117.64926666666668,6.5
-32.939166666666665,117.71227777777779,10.0
-32.95732142857143,117.79123333333334,6.371428571428572
-32.973679999999995,117.81666111111112,5.507499999999999
-32.9458422275641,117.87627580128205,4.850313835470086
-33.09037032967033,118.0060452991453,9.399206349206349
-33.07203888888888,118.10374,4.247849252761533
-33.06899503546099,118.17438924349882,5.826910953506698
-33.10944444444445,118.2358148148148,8.37037037037037
-32.906676914660835,118.0473283916849,4.054905070567352
-32.87638564993565,117.99272117117117,4.291473616473616
-32.77004631530465,117.99760308264246,3.899745662564083
-32.693733333333334,117.82854,7.5
-32.59995833333333,117.72975833333334,10.71875
-32.54262666666666,117.704225,4.387083333333333
-32.38741852477477,117.60386041666666,4.274344952537677
-31.83056309834639,117.8179096170583,5.750451355247793
-31.93826027777778,117.84824222222223,6.453435457516339
-32.12943605060506,117.82232164466447,3.2997351976292446
-32.25578729246488,117.64728582375479,5.745306513409962
-32.331061267605634,117.63306314553991,4.986854460093896
-32.60470424242424,117.4900737878788,5.108534024455077
-32.727917867867866,117.3880993993994,7.077927927927928
-31.694066666666664,117.06275833333333,8.3125
-31.763503044871793,117.82531185897436,4.235180841904913
-31.777597222222223,117.87986111111111,8.041666666666666
-31.840395833333332,117.96312291666666,7.03125
-31.980733688156924,118.01457883443798,4.295209386804885
-31.958356732891833,118.20208465783664,5.669646799116998
-32.00048666666667,118.27021333333334,10.15
-32.11294196102314,118.42939703613479,3.853532811934133
-32.16744,118.38858,10.5
-32.20623529411765,118.2854774509804,7.341176470588235
-32.24935014749263,118.23331828908555,5.042920353982301
-32.26723333333333,118.151028125,7.33125
-32.236191414141416,118.09167323232325,6.653030303030303
-32.29118888888889,118.06952777777776,10.083333333333334
-32.28778810092962,117.98414365205844,5.063158309061908
-32.5280736544447,117.95527580277842,4.545781031098381
-32.534644444444446,117.42399999999999,6.083333333333333
-32.55666440352896,117.38436637897966,4.30385750071937
-30.40987194899818,117.00039890710383,6.291894353369764
-30.930242708333335,118.30673828125,5.5546875
-30.929195833333335,118.3423263888889,9.45138888888889
-30.963876531671858,118.34501931464175,3.2587857886192713
-31.219768713450293,117.89916315789473,6.505263157894737
-31.2633131104034,117.83635138004246,5.50345389748256
-31.300671666666666,117.79336166666667,6.121666666666667
-31.326890322580645,117.764561827957,7.023655913978495
-31.06804833333333,117.21823666666667,5.045
-31.075130555555557,117.26226666666668,6.241666666666667
-31.30245628571429,117.86488539682539,3.758517269231334
-31.373127548140772,117.8440890687251,3.226899794150316
-31.892183333333335,117.52567407407408,9.63888888888889
-31.1667823251975,117.28272279212356,4.470389140544519
-31.39352611111111,117.76206444444443,5.286388888888889
-31.43573333333333,117.88748055555556,6.191666666666666
-31.445994540229886,118.03060517241379,4.130387931034483
-31.39941986666667,118.11171251111111,4.881984517557892
-31.791607738095237,118.28360019841269,4.447746598639456
-31.820161304347824,118.4219384057971,7.885942028985507
-31.8883933982684,118.45786872294372,4.086038961038961
-31.95652623828648,118.66914109772424,4.533969210174029
-32.09999666666667,118.98268,8.09
-32.127213636363635,119.02912828282828,4.700631313131313
-32.15480957446808,119.07436453900708,4.720124113475177
-32.206731260575296,118.8724530033841,3.734177779224612
-32.205104109589044,118.77766324200913,3.675
-32.216052777777776,118.5603388888889,6.283333333333334
-32.23228162878788,118.48598456439395,4.413879936444275
-32.22045287990196,118.3527056985294,3.798678698565872
-32.272708333333334,118.00042083333334,8.4375
-32.271601905626135,117.84095390199637,2.886704094299277
-32.246797428571426,117.72525038095239,4.6713571428571425
-33.19655398136383,117.24102441761966,3.2016438733988037
-33.55105991672146,117.41655851413543,3.7471002825664117
-33.771077106227104,117.49171611721611,2.473711508895056
-33.923858453837596,117.54398274008157,5.010828542827074
-34.380318044077136,117.64993443526171,2.98720898632593
-34.527091353187046,117.71183894984327,3.8073438503134875
-34.76030653594771,117.76422026143791,7.3767477433009665
-34.9305775,117.8085125,2.824113562091503
-34.67157019230769,117.6278608974359,3.503574476349244
-34.52297378716745,117.51269295774648,6.60417146812148
-34.35740220750552,117.42189580573952,4.946687682142237
-34.2687910652921,117.28290378006874,5.4109733602249
-34.187619047619044,117.24569285714286,3.642857142857143
-34.02890544025157,117.18347955974842,6.483260126818162
-33.962983333333334,117.14450833333333,4.699999999999999
-33.76918333333333,117.02005833333334,6.1
-33.70922925347222,116.99600894097222,5.5499994517091915
-33.58916352339181,116.91398874269007,5.136164411858969
-33.4279562745098,116.78886098039216,6.709467787114846
-33.120716436251925,116.77807066052227,513.5450446392479
-32.72485833333333,116.78393333333332,4.5
-32.696875000000006,116.7902,6.699999999999999
-32.714688888888894,117.1660888888889,8.083333333333334
-33.12017823916066,117.17989029199849,4.227535948684736
-33.335208333333334,117.1964,6.625
-33.427841666666666,117.21446666666667,7.625
-33.46090261904762,117.21875952380952,4.076607142857143
-33.56971657618531,117.13789223669924,5.2415808825206165
-33.65289833333334,117.20091833333333,10.483333333333333
-33.75173074074074,117.17329915343915,2.8158289241622576
-33.832785847701146,117.18291709770115,4.281043070673055
-33.84274545454545,117.30660151515153,3.127272727272727
-33.825424999999996,117.448375,5.75
-33.82116428571429,117.50019047619048,6.214285714285714
-33.797510317460315,117.63827222222223,5.689285714285714
-33.69710278518519,117.84254186666666,3.2531891783368563
-33.683885714285715,117.90571111111112,4.539285714285715
-33.63428888888889,118.05840555555555,11.083333333333334
-33.594872278911566,118.16700085034013,4.448001700680272
-33.52965227272727,118.35858181818183,4.786363636363636
-33.460475,118.57165,7.125
-33.42423333333333,118.59086470588235,4.699754901960784
-33.40791174863388,118.63875136612022,4.723360655737705
-33.38775555555556,118.68224166666666,8.291666666666666
-33.35656388888889,118.78928055555555,6.708333333333333
-33.36377055016181,118.85236432038835,6.869405917706889
-33.327361333333336,118.92543133333332,15.4
-33.28500579710145,119.0435612721417,7.1346414813912675
-33.243091666666665,119.11460833333334,10.375
-33.110147402597406,119.38835064935066,4.60319264069264
-33.01576111111111,119.32253333333334,9.25
-32.986428333333336,119.29341333333335,5.6899999999999995
-32.93485833333334,119.19455833333333,10.0
-32.88957222222222,119.1153,11.916666666666666
-32.8281568627451,118.98398578431373,3.9875
-32.80228888888889,118.88027777777778,9.75
-32.769575,118.810875,10.25
-32.74689,118.75965666666666,9.5
-32.702571666666664,118.67567833333332,4.675
-32.69555833333334,118.64591666666666,14.375
-32.642152083333336,118.56064791666667,6.50625
-32.6772225,118.46773749999998,3.512159817330741
-32.59378888888889,118.34069444444445,7.0
-32.554063131313136,118.13440252525253,3.0825757575757575
-32.53275346441948,118.0429270599251,4.831788389513108
-32.391574344569285,117.69966142322099,4.111001872659176
-32.374425,117.6666875,7.5625
-32.324600000000004,117.57995333333334,8.75
-32.10618928571429,116.83713571428572,8.136904761904763
-32.12984961748634,117.22286497267758,3.799861456518184
-32.18996111111111,117.29286790123457,6.873148148148148
-32.83398888888889,117.30859444444445,7.166666666666667
-32.92267044778456,117.30278039768278,3.3917631555990857
-33.32093148148148,117.34339185185186,6.17812557537635
-33.329625,117.38706666666667,8.625
-33.26560666666667,117.46425666666667,7.970000000000001
-33.21008137254902,117.56015393688726,4.16710150479415
-33.156216666666666,117.60010555555556,9.083333333333334
-33.13737777777778,117.6395888888889,6.0
-33.108944871794876,117.69065025641025,4.2376835093011564
-33.068632616487456,117.75555788530467,8.939964157706093
-32.821197722567284,118.06776200828156,6.015302230732109
-32.79360695142379,118.14274690117253,5.994807370184255
-32.75179166666666,118.227975,11.875
-32.75914711742424,118.31230566287879,3.3063843399560224
-32.68111944444444,118.33967222222223,7.295833333333333
-32.54584444444444,118.62476111111111,5.583333333333333
-32.505840457516335,118.73265071895425,5.204612511671335
-32.48014861111111,118.66516875,5.084895833333333
-32.46171341463415,118.60596300813008,5.748475609756097
-32.377825,118.55887552083334,8.765625
-32.33402045454545,118.43576818181818,3.45500051419169
-32.323049583333336,118.3325475,4.520520833333333
-32.28167,118.30511000000001,8.15
-32.20003476190477,118.16555857142856,4.075238095238095
-32.1527575,118.14299791666667,4.502916666666667
-32.08039166666667,117.937,9.0
-32.00379093567252,117.79957690058478,2.9115497076023393
-31.97995,117.77244166666667,10.625
-31.96634340909091,117.69031325757575,4.361717622655123
-32.46938077803203,117.34430846681923,4.619273446662378
-32.627272268326415,117.43288278008299,4.8050945136007375
-32.65200378787878,117.4756018939394,8.865530303030303
-32.719129299363054,117.52619681528662,8.225513558311915
-32.777390441176465,117.57961078431373,9.264630696189725
-32.823383862433865,117.67255417989419,6.865126471641289
-32.97514825662483,117.77506820083683,5.8597854468808
-33.03962379972565,117.83455072016461,4.878917979003023
-33.12401492753624,117.89017865942029,6.647699705358878
-32.99604057428215,118.05204864752392,5.3587415371124685
-32.87997144808743,118.1285825136612,7.9551912568306005
-32.71803805031446,118.21321886792454,11.1
-32.692927958079785,118.24601501014199,5.408157310110977
-32.664051923076926,118.25691073717948,6.9735576923076925
-32.59955037878788,118.37499180871212,5.0227272727272725
-32.552208187134504,118.39680935672514,13.527777777777779
-32.432138777219436,118.48243140703518,7.531490787269681
-32.3086547008547,118.63295897435898,9.643589743589745
-32.25661074380165,118.66900123966943,8.82823691460055
-32.23781197802197,118.71248835164836,6.565808477237049
-32.15507380952381,118.82133809523809,7.773809523809524
-32.13236605960265,118.84353076710818,5.647792494481236
-32.012154103852595,118.9700716917923,9.979061976549414
-32.027491350210965,118.8965135021097,10.345714403905022
-32.03367696078431,118.76213529411766,7.0323529411764705
-32.03667323943662,118.66086948356806,9.012910798122066
-32.05786222627737,118.54589750608272,5.14460426506369
-32.06167687117858,118.26328950031626,5.338709627852051
-32.07074917257683,118.17541446020489,5.45584815652444
-32.08455277777778,118.09502916666666,11.625
-32.044383893034826,117.7241395070104,3.0999663692219728
-31.88808700564972,117.66686949152542,4.0115819209039545
-30.062624242424246,116.72961212121213,10.545454545454545
-30.10169799196787,116.87064096385541,6.266934404283802
-30.13745,116.92991666666667,7.333333333333334
-30.166109837398373,116.98365682926828,9.764731900890437
-30.287125000000003,117.24336666666667,8.833333333333334
-30.27613137626263,117.3493550820707,4.101694980523061
-30.356055555555557,117.41205833333333,9.277777777777777
-30.382291550855992,117.4771733736153,5.228309318487922
-30.48531935483871,117.73099516129032,8.470071684587815
-30.53241888888889,117.8165225,3.599259259259259
-30.557878888888887,117.89535944444445,7.983333333333333
-30.731773924731183,118.26824650537634,4.841845878136201
-30.74434886792453,118.38129547169812,3.765772598347515
-30.78242015503876,118.41839767441861,7.953488372093023
-30.81759568475452,118.52702542635659,6.699910362255563
-30.834179487179487,118.58939230769231,8.140384615384615
-30.8820625,118.70347291666667,8.097222222222221
-30.970422222222222,118.88363333333332,8.777777777777779
-31.021514375,118.91714979166666,6.498179824561403
-31.062870833333335,119.15381388888888,4.5249999999999995
-31.091062,119.20315599999999,6.618888888888889
-31.135447439613525,119.25027821256039,4.879774557165861
-31.172044565217394,119.30453369565218,3.986775362318841
-31.2231,119.49610416666667,9.447916666666666
-31.301266666666667,119.64236761006289,5.468134171907757
-31.308366666666664,119.59915833333334,8.833333333333334
-31.32694615384615,119.51839871794871,9.653846153846153
-31.31320392156863,119.44876176470588,7.002941176470588
-31.338909722222223,119.23836712962962,4.080092592592592
-31.30588262032085,119.11965701128936,5.48510596157655
-31.36700952380952,119.0032119047619,8.011904761904763
-31.321277611940296,118.96634925373134,4.972028745163073
-30.93617420526794,117.26805544959127,4.120123891815596
-31.019333333333332,117.36006111111111,10.111111111111112
-31.041675448028673,117.41065483870968,5.193608124253285
-31.055944444444446,117.46123888888889,8.88888888888889
-31.076479347826083,117.48725833333334,9.083333333333332
-31.17516601049869,117.79082014435696,4.332554565547728
-30.856514423076923,118.24986378205129,5.175725772765246
-30.788511594202898,118.28930289855073,4.539130434782609
-30.74467575757576,118.31199242424242,10.825757575757576
-30.7079125,118.3670125,7.0625
-30.632662365591397,118.43810017921147,7.2780764635603346
-30.596232200647247,118.59287524271845,5.179018338727077
-30.779920833333335,118.57164950396825,5.823412698412699
-30.96951217948718,118.58979326923077,5.008012820512821
-31.07437650253867,118.55813512811429,3.983040359332995
-31.124635714285713,118.52993095238095,9.202380952380953
-32.27056180555555,117.57585347222222,5.302604166666667
-32.29448333333333,117.62118333333332,8.392857142857142
-32.45379318996416,117.71121451612903,5.034991039426523
-32.38138962962963,118.00429888888888,4.6288888888888895
-32.30951018518519,118.14597037037038,5.927777777777778
-32.2840875,118.1987125,7.875
-32.165975,118.45118333333333,7.875
-32.175924258289704,118.50021038394416,3.977026270902197
-32.13330925925926,118.5205074074074,5.210648148148149
-32.11510555555555,118.5503611111111,10.333333333333334
-32.0119004032258,118.78325067204301,4.684778225806451
-31.906480952380953,118.97316031746033,5.583333333333333
-31.820566666666664,119.0335,9.25
-31.7874225,118.98870666666667,7.35
-31.767683333333334,118.89404047619048,8.821428571428571
-31.76349761904762,118.81849880952382,6.160714285714286
-31.753427777777777,118.72080555555556,7.291666666666667
-31.746875,118.66774166666667,5.5
-31.73791398128898,118.54379197851699,5.6762755030405065
-31.730353070452157,118.43028888538382,4.213388615385617
-31.715403897180764,118.27437495854063,3.512568550638418
-32.754733333333334,116.78989999999999,7.25
-32.78659456521739,116.77211630434783,4.591576086956522
-32.93452633744856,116.70199629629629,4.970816186556927
-32.99484848484848,116.72288400673402,5.090123456790123
-33.1477608281275,116.71020281114849,2.674648173479651
-33.25804122807018,116.62784473684212,5.651315789473684
-33.30214666666667,116.62222,6.25
-33.33953439716312,116.58702127659575,7.034397163120568
-33.47810416666667,116.5378125,12.5
-33.46468055555555,116.60863611111112,5.6499999999999995
-33.455470000000005,116.75176000000002,13.2
-33.425814942963385,116.86082897208041,3.6434034014907373
-33.33799444444444,116.91783333333335,12.75
-33.162844444444445,117.28529444444445,6.351851851851851
-33.09493250517598,117.46364761904762,6.454761904761905
-33.04443759170654,117.59119956937799,5.006782984492297
-32.87478623188406,117.71204420289855,4.131521739130435
-32.8592596969697,117.75277292929293,3.9015907452826957
-32.867347333333335,117.82739133333332,5.1275
-32.75844444444444,118.03081222222222,7.038333333333333
-32.65207515432099,118.19014907407407,3.380954218106996
-33.38648962962963,117.12708111111111,5.085462962962963
-33.46055341880342,117.12287663817663,6.8640075973409305
-33.45369629629629,117.51415555555556,7.0055555555555555
-33.23909082397004,117.82625695087023,2.961496100429677
-33.22774318658281,117.95111100628931,5.390607217729859
-33.182741904761905,118.0475361904762,6.3307142857142855
-33.1312574074074,118.18935740740741,7.527777777777778
-33.09769417209113,118.33608570653648,4.125784166800297
-33.083039008042896,118.46270049151028,5.178548054610584
-32.989599166666665,118.23800583333335,7.709999999999999
-32.961860144927535,118.19773913043477,5.8385869565217385
-32.92156666666666,118.14714166666667,9.0625
-32.855999999999995,117.94943333333333,9.0
-32.782805701754384,117.84277061403509,4.634868421052632
-32.72069242424242,117.68075833333333,6.284090909090909
-32.679167479674796,117.67048577235772,6.032317073170732
-32.90240833333333,116.93180000000001,5.833333333333334
-33.098430825617285,116.98217413837449,3.2494624100869087
-33.18463333333333,117.0129375,5.058333333333334
-33.350004365079364,117.22875505952382,3.8803169752749587
-33.31357196969697,117.41255757575759,6.854545454545455
-33.319290513366454,117.4577387745446,3.5009962555994587
-33.30109238095238,117.5771094047619,4.538408714362938
-33.29913333333333,117.65513333333334,3.833333333333333
-33.28908872335271,117.69448529554263,3.3290764602329737
-33.241480242165245,117.89480962962963,3.32021014899736
-33.23348333333333,117.98298333333334,3.666666666666667
-33.22269027777778,118.03419722222223,5.429166666666667
-33.21277037037037,118.06645185185185,5.5
-33.20305606060606,118.11981666666667,5.25
-33.20036666666667,118.16656666666667,4.583333333333333
-33.19257486772487,118.24801190476191,1.456075305365811
-33.16053995893991,118.29062661440835,2.2977327756247647
-33.01297874617737,118.4616747706422,2.0057181821706633
-32.94444333333333,118.44697333333333,2.9766666666666666
-32.895283779761904,118.43386889880954,1.7918385476583591
-32.84873536585366,118.37394065040651,2.3489723232039927
-32.790401708217914,118.32676234995384,1.8934398463481656
-32.65851222222222,118.29696,5.472222222222222
-32.6331782051282,118.29427820512821,5.894871794871795
-32.59053074091479,118.31586928258145,2.9030329178094343
-32.53781431623931,118.33199508547008,6.0231684981684985
-32.470117564102566,118.26519586538461,3.973803527384737
-32.39288763995285,118.38073108917698,3.668947339006219
-32.30399047619047,118.40442619047619,5.396428571428571
-32.017923809523815,117.92911190476191,6.321428571428571
-31.480483333333332,117.82660925925926,6.155555555555555
-31.472883875338756,117.9224741192412,2.3606632038542608
-31.842036585365854,118.160812601626,4.871036585365854
-31.969720833333334,116.7977875,10.75
-32.020155555555554,116.79597222222223,7.583333333333333
-32.05576111111111,116.79002777777778,6.75
-33.26191068343252,117.24362263390286,3.385544048895509
-33.39064585326954,117.37569928229665,5.3115715424925956
-33.599826666666665,117.5308525,5.8375
-33.48126916666667,117.70689166666666,4.2856250000000005
-33.42246111111111,117.76037777777778,8.666666666666666
-33.29828166666667,117.89875425925925,4.311211348086993
-32.955189724919094,118.29491051779935,7.010218811592087
-32.87173333333333,118.3334,7.25
-32.76854509803921,118.46428823529412,6.658762254901961
-32.714130894308944,118.55427682926829,5.051829268292683
-32.68525833333334,118.57102499999999,6.25
-32.61958416666666,118.60874166666667,6.1375
-32.58738611111111,118.71394722222222,5.1499999999999995
-32.565288095238095,118.75402857142856,6.114285714285714
-32.406422222222226,118.35407777777777,6.833333333333333
-32.36847083333333,118.19384583333334,7.4375
-32.36034868421053,118.12091140350877,7.375932017543859
-32.22895833333333,117.66508333333334,9.875
-32.27224166666667,116.87595,11.833333333333332
-32.30732222222222,116.8565861111111,6.25
-32.437688505747126,116.80083275862069,3.549808429118774
-32.60718717605004,116.76861117068812,3.555853440571939
-32.849525,116.70412083333333,5.083333333333334
-33.067170833333336,116.6874375,8.25
-33.219544444444445,116.63125000000001,8.333333333333334
-33.4336625,116.517275,9.583333333333332
-33.516929901960786,116.4991387254902,5.626797385620915
-33.630025,116.47194166666667,10.333333333333332
-33.84195555555556,116.45682916666667,5.813271604938271
-33.97445833333333,116.76578333333333,13.666666666666666
-34.018615714285716,116.81940214285714,5.658730158730159
-34.0450625,116.982575,8.166666666666668
-34.1344719047619,117.14974380952383,6.307936507936508
-34.212558333333334,117.26244166666666,9.0
-34.39968947368421,117.50130438596491,5.461988304093567
-34.447062592592594,117.5450088888889,6.355740740740741
-34.52364139784946,117.64741827956989,5.67562724014337
-34.48574166666667,117.61881666666667,7.166666666666666
-34.303533333333334,117.39250833333332,11.458333333333334
-34.145923333333336,117.26923333333335,8.6
-34.00060632183908,117.28240977011495,6.417241379310345
-33.79567912912913,117.26993438438438,4.896276320179829
-30.721025490196077,117.16056470588236,7.362745098039216
-30.67633,117.18029666666666,4.64
-30.633970606060608,117.22367386363636,5.594111652236652
-30.675466666666665,117.33057272727272,7.020777954988481
-30.669658389261745,117.40607102908277,5.538255033557047
-31.144725,118.3314,7.5
-31.17713709214304,118.32547276168101,3.067944735933334
-31.213336111111108,118.46283055555556,9.25
-31.54094166666667,118.26531666666666,5.625
-30.897497444968554,117.04183282232704,3.816441905571674
-30.140898148148146,116.76339907407409,15.977314814814813
-30.18668071338384,116.91584848484848,5.462964749961654
-30.238783948339485,117.0963372693727,3.9126410352449392
-30.25760222222222,117.25435055555555,5.875396825396825
-30.31029386873921,117.43258739205525,2.7700358441248976
-30.304876599326597,117.46163804713804,5.030470325645764
-30.401715555555555,117.61122944444445,7.196666666666667
-30.39419074074074,117.6667962962963,5.514799382716049
-30.420146428571428,117.70138571428572,13.351190476190476
-30.42811212121212,117.75590151515152,8.009090909090908
-30.430912525252527,117.78764202020201,3.613118286655438
-30.445625641025643,117.92686794871794,9.884615384615385
-30.450684615384617,118.03043717948718,10.178205128205128
-30.47400517006803,118.06306494331066,4.96737144443864
-30.476518518518517,118.12621666666668,9.444444444444445
-30.483383333333332,118.16933541666667,7.90625
-30.48835,118.20136666666667,5.958333333333334
-30.492116666666668,118.2316,5.833333333333334
-30.50316256830601,118.30618032786884,6.003825539419103
-30.623165871470302,118.33901910094124,3.8366243252587124
-30.675634848484847,118.31362121212122,8.962121212121211
-31.144212500000002,117.82869583333333,9.125
-31.05143548780488,117.26369077235772,3.915663042489573
-30.65987475314947,117.0591093547838,4.525028115304492
-30.51905883152174,116.92647382246378,5.968498209972394
-30.41033477998794,116.88530144665461,5.696361093849043
-30.34803480046948,116.82292312206572,7.512509266123055
-29.95990032051282,116.54363942307693,8.895329670329671
-33.07261666666667,117.01172083333333,8.966666666666667
-33.21314515151515,117.00109545454546,6.354772727272727
-33.50033888888889,117.06888888888888,8.802777777777777
-33.57120666666667,117.09147777777777,5.236471734892787
-33.71715833333333,117.61923333333334,12.1
-33.69203832772166,117.62765325476991,7.616519694297471
-33.55140776986951,118.09340180901542,6.206105946780285
-33.433589215686276,118.51353431372549,7.220588235294118
-33.18556923076923,119.41398461538462,12.455128205128204
-33.11291666666666,119.67498333333333,5.875
-33.02333,119.68552952380952,6.6085714285714285
-32.98645440251572,119.61885754716982,5.889622641509433
-32.760666666666665,119.18432916666666,6.3
-32.74735555555556,119.15336666666667,6.261111111111111
-32.627521621621625,118.98964234234235,6.372972972972973
-32.509550000000004,116.81927,5.016666666666667
-32.57921133333333,116.79147800000001,2.3143650793650794
-32.805668518518516,116.73676296296296,1.3148148148148149
-32.87173134920635,116.72756031746033,2.9716600529100528
-32.909181314699794,116.73347577639751,4.694100046578509
-33.110800000000005,116.72497777777778,5.5
-33.22731771739131,116.76299304347826,3.451598455107508
-33.38912769607843,116.74785,4.129493464052287
-33.493536666666664,116.95868999999999,5.527777777777778
-33.548045402298854,117.2261896551724,5.189203612479474
-30.436744444444443,116.92315,5.583333333333333
-30.51017333333333,117.08011333333334,5.3100000000000005
-30.574195121951217,117.09553373983739,7.321138211382114
-30.71119487179487,117.35029817813765,4.892088661825504
-31.05325,118.06844166666667,5.5
-31.12301178095956,118.17312382567194,3.6335388348129496
-31.195904166666665,118.42035416666667,6.3625
-30.599433333333334,116.98922222222222,6.916666666666667
-30.589087894736842,116.96097035087719,4.079249226006191
-33.00090632088191,116.86872733365057,4.204202842008628
-33.17383518518518,116.8511589699074,3.3200600307900574
-33.25664266304348,116.81234299516908,4.20312582523036
-33.328733838716765,116.74260940452649,4.0187361480176556
-33.328124747474746,116.8235002209596,2.818995740811372
-33.32044166666667,116.88281666666667,6.3
-33.06594913522013,117.37861056828392,3.3198891670386113
-33.034168170731704,117.42946402439024,3.139123899186385
-33.0020462962963,117.46208518518519,3.7306878306878306
-32.93601910909091,117.54305543030303,3.6792638209103026
-30.617748571428574,117.12823142857141,8.653571428571428
-31.23942385892116,117.94055373443983,2.8511161579635944
-31.271625652841784,117.93015906298004,4.615313374925522
-32.175909047619044,117.41436976190477,5.201666666666667
-31.099216666666667,117.42406666666668,8.5
-30.89568823529412,117.26024803921568,11.884313725490196
-30.856219565504492,117.33899716059165,3.3139120305409997
-30.892683478418572,117.53480534548423,4.016360978904227
-30.961009999999998,118.21017888888888,11.85
-31.26038333333333,118.22698095238096,8.392857142857142
-31.301257629107983,118.25226267605633,2.415635682862223
-31.330233333333332,118.2526,6.0
-31.40050193065406,118.26306154452324,3.655567409868016
-31.779940329218103,118.00381430041152,5.884176159975237
-31.387361960784315,117.62482470588235,6.227908496732026
-31.39281666666667,118.02593125,6.322916666666667
-31.40155892388451,118.17318556430446,5.578707349081364
-31.38987894736842,118.31494210526317,6.3692982456140355
-30.731616666666667,117.67022222222222,6.055555555555556
-31.35424150262467,118.07238838582677,4.390273946496826
-31.222881372549022,118.05152408963585,3.499766573295985
-30.528231666666663,118.19042333333334,7.5
-30.537013333333334,118.14974,4.975
-31.10889575617284,117.26324652777778,6.030501601225286
-30.615246296296295,116.94191481481481,8.238888888888889
-31.555466666666664,116.7920722222222,4.730116959064328
-31.452471212121214,116.74655454545454,5.233120680489102
-31.182306666666666,116.67803777777777,5.400701754385965
-31.003605555555556,116.66389444444444,10.883333333333333
-30.958151515151517,116.65717954545454,4.999521531100478
-30.630083673469386,116.60739659863945,6.687790905836019
-30.04624868173258,116.4990311676083,7.165994081248318
-29.890418333333333,116.46058944444444,5.845604288499026
-29.78558639455782,116.45516428571429,6.575510204081632
-29.646205555555554,116.38826066666665,5.233333333333333
-29.602874358974358,116.34688333333332,4.544331983805668
-29.47814285714286,116.29296190476191,8.142857142857142
-29.47685632682574,116.45223224873463,5.591662181484079
-29.611504954954956,116.68005225225227,5.926849217638691
-29.79409013605442,116.93851462585033,7.15
-29.876261320754715,117.1743283018868,4.911916583912612
-29.921298780487803,117.30646585365854,5.692682926829268
-30.01635416666667,117.5526138888889,6.508333333333333
-30.10525666666667,117.71443333333335,7.67
-30.166936111111113,117.85485,5.6499999999999995
-30.18984225838264,118.11281040433924,6.463102158749932
-30.377261624649858,118.14379838935574,5.804796918767507
-30.097040104166666,116.53564791666666,7.807552083333333
-29.96718095238095,116.4427011904762,11.932142857142857
-29.92499035087719,116.41278771929824,9.083333333333334
-29.898795482866046,116.40357087227414,5.223364485981308
-29.79154568452381,116.39121830357143,6.750868055555555
-29.744467333333336,116.31861866666667,6.472730158730158
-29.720783333333333,116.3162375,9.0
-29.69739772727273,116.31145303030303,10.291666666666666
-29.632229393939394,116.30196878787878,8.554545454545455
-29.598335714285717,116.29519880952382,7.632142857142857
-29.492663166666667,116.26409583333334,7.359928571428571
-29.447328125,116.28207916666666,11.391666666666666
-29.45770625,116.37658125,7.520833333333334
-29.52356890547264,116.62684577114427,5.8965647950722575
-29.532718055555552,116.76020694444445,9.853472222222221
-29.530511904761905,116.84202380952381,7.427513227513227
-29.527744781931464,116.95641884735201,8.626168224299066
-29.535650595238092,117.04323333333333,10.755952380952381
-29.570335585585585,117.10620495495496,10.781531531531533
-29.630976470588237,117.20508333333333,10.941176470588236
-29.70288125,117.31298229166667,9.791666666666666
-29.766499903660886,117.37176175337189,6.4604596751995595
-29.782206415929206,117.44847190265487,6.267030130636325
-29.853225925925926,117.53887777777777,11.814814814814815
-29.909177579365082,117.60426626984128,9.504960317460316
-29.94976091954023,117.64832011494252,17.729885057471265
-29.993725308641977,117.7044913580247,9.296296296296296
-30.04097675070028,117.78703081232493,7.1352040816326525
-30.06542,117.8313011111111,11.85
-30.08036014492754,117.86593260869566,10.983333333333334
-30.11541666666667,117.95269242424243,12.181818181818182
-30.162671828908554,118.05643997050147,6.318868520859671
-30.206933333333335,118.15429444444446,7.777777777777779
-30.3727575,118.19231132183907,3.75610632183908
-30.596615277777776,118.00628055555555,7.172222222222222
-32.01413188405797,117.7034615942029,3.810144927536232
-32.79833728070175,118.27965921052632,4.428070175438597
-32.96292380952381,118.51410119047618,4.095238095238096
-33.109793333333336,118.69124333333335,2.7616666666666667
-33.25181666666667,118.92395,3.9333333333333336
-33.26960769230769,118.97033205128204,3.3064102564102567
-33.22119347826087,118.96417028985506,6.1695652173913045
-33.17581,118.8283425,3.66
-33.10346666666667,118.76695833333333,6.9
-33.08300833333333,118.74909166666667,5.433333333333334
-33.01736363636364,118.67109924242423,3.940909090909091
-32.882702688172046,118.52855376344085,3.6580645161290324
-32.8504,118.50825833333333,5.8
-32.77207333333333,118.39847999999999,5.4
-32.73557345679013,118.35598518518519,4.0851851851851855
-32.6388,118.24745,8.1
-32.59484666666667,118.20536999999999,3.9933333333333336
-32.48972929553265,118.08760335051547,4.763976629718626
-32.38765347222222,117.9496986111111,4.911458333333333
-31.423133333333332,116.7513,6.875
-31.37448823529412,116.73588235294118,4.202450980392157
-31.28509758064516,116.73130833333333,4.2837365591397845
-30.320683333333335,116.51516666666666,7.833333333333334
-30.209192351598176,116.46227659817352,4.4592085235920855
-30.0376030141844,116.40572082742317,4.04450939775836
-29.96947619047619,116.37593862433862,6.77037037037037
-29.905811111111113,116.37300740740741,8.666666666666666
-29.729938888888892,116.26876666666668,6.222222222222222
-29.6988811827957,116.24308870967742,4.32168458781362
-29.670255555555556,116.22326666666667,6.833333333333333
-29.5201125,116.12911249999999,6.133333333333334
-29.458920606060605,116.10005833333334,4.312070707070707
-29.32096912144703,116.05426408268734,3.3368863049095605
-29.245572222222222,116.02533703703703,8.925925925925926
-29.37073888888889,116.13717222222222,7.4444444444444455
-29.4293,116.19908888888888,7.666666666666667
-29.59992142857143,116.41914761904762,4.631746031746032
-29.627441666666666,116.43378333333334,1.7583333333333333
-29.655182291666666,116.44224270833334,4.376041666666667
-29.719258333333336,116.47289166666667,10.333333333333334
-29.925020059235322,116.5041917070544,4.288290394807698
-30.974747058823528,117.38983676470588,10.607843137254903
-30.911873958333334,117.357459375,11.291666666666666
-30.40639537037037,117.36797839506173,6.242592592592593
-30.362974074074074,117.36734629629629,11.342592592592592
-30.31899696969697,117.37061515151514,9.526515151515152
-30.188448198198202,117.37255675675675,10.302252252252252
-30.137157407407408,117.38187345679013,7.897530864197531
-30.082535185185186,117.40478148148148,6.453703703703704
-30.041514285714282,117.41715238095239,5.0
-29.950905299417062,117.37483661897191,3.424611534434426
-29.970216498993963,117.34298185781356,4.528021511315158
-30.022308695652175,117.33606702898551,7.822101449275363
-30.090253333333333,117.36251904761905,6.3585714285714285
-30.1589568627451,117.37227352941176,7.922549019607843
-30.39880196245734,117.32461373720136,5.377943640161911
-30.711776923076926,117.28273589743591,8.091025641025642
-32.21789444444445,116.75363888888889,1.5416666666666667
-32.23603888888889,116.69191111111111,2.65
-32.29831153846154,116.64496025641026,1.5932692307692307
-32.26862189153439,116.72633373015873,2.7749086671705716
-32.181805555555556,116.85374444444444,2.691666666666667
-31.248591666666666,118.32971666666666,7.0
-31.436592658730156,118.78280793650794,5.9498972505668934
-31.475283333333334,118.923025,8.833333333333332
-31.499054415011035,118.97682262693156,3.2148638704930095
-31.546444086021506,119.04662069892474,5.137992831541219
-31.5744982051282,119.10770717948718,7.132478632478633
-31.60619074074074,119.17855925925925,11.87037037037037
-31.621047435897438,119.23604102564103,10.08974358974359
-31.644766666666666,119.28565833333333,8.166666666666666
-31.668891666666667,119.32779166666667,11.833333333333334
-31.683258396946563,119.36519249363869,3.604410517387617
-31.698758333333334,119.40816666666666,8.166666666666666
-31.714533333333335,119.44163333333333,7.5
-31.73669,119.47254000000001,9.333333333333334
-31.748266666666666,119.55397142857143,6.976190476190476
-31.777901234567903,119.60286913580246,7.527777777777778
-31.82851111111111,119.49232962962962,9.37037037037037
-31.87874924242424,119.44749642857143,3.435606060606061
-31.90343888888889,119.40117777777778,10.777777777777777
-31.942250268817205,119.28881424731182,4.285483870967742
-31.991583333333335,119.26642500000001,9.166666666666666
-32.03584444444444,119.23245555555555,8.75
-32.07870833333334,119.16753333333332,7.333333333333334
-32.10493456790123,119.09380925925926,8.204585537918872
-32.14320842013889,118.9963654513889,3.0522858796296295
-32.196241666666666,118.92213333333333,9.666666666666668
-32.27349,118.81525000000002,9.733333333333333
-32.29549166666666,118.78472500000001,6.666666666666667
-32.37421106770833,118.71153854166667,4.353035641339869
-32.36291414141414,118.67887171717172,3.99949494949495
-32.417635000000004,118.635375,7.908333333333333
-32.498641666666664,118.56496666666666,8.5
-32.55809194847021,118.4519805958132,3.7516952695986436
-32.77898442760943,117.74913131313131,4.049957912457913
-32.82238666666667,117.61506,2.831111111111111
-32.81574166666667,117.55939166666667,7.270833333333334
-32.84050555555556,117.54885,5.166666666666667
-32.846830787037035,117.46890092592594,2.69429012345679
-32.893345833333335,117.39633888888888,6.141666666666667
-32.147083333333335,117.36144444444444,11.0
-32.19328787878788,117.35705227272727,5.3553030303030305
-33.06473985815603,116.78994680851063,4.152533037887758
-33.20778888888889,116.82031666666667,9.444444444444445
-33.21044166666667,116.84794166666667,7.166666666666666
-33.159665555555556,116.88207333333334,1.8014814814814815
-33.1374252688172,116.93586438172044,3.349271953405018
-32.78771503928171,117.2631930976431,3.3534159245244557
-32.690269444444446,117.35049305555556,5.2906249999999995
-32.14347083333333,117.9349,7.366666666666667
-31.527096,118.39899333333332,6.106333333333334
-31.230524242424245,117.23226818181818,8.681818181818182
-31.31078157894737,117.7215649122807,5.536184210526316
-31.36853888888889,117.99853333333333,8.916666666666666
-31.361548484848484,118.91069848484848,11.704545454545455
-31.349308333333333,119.028425,10.0
-31.39689375,118.93839791666666,9.96875
-31.407969047619048,118.89362142857144,7.321428571428571
-31.477911111111112,118.77845,6.333333333333333
-31.50987284196547,118.5718400066401,4.204111869774683
-31.573233333333334,118.4878,6.75
-31.589583333333334,118.4366515873016,2.643915343915344
-32.29890909090909,116.88296590909091,5.6499999999999995
-31.722521666666665,118.35516666666668,6.741666666666665
-31.78552903508772,118.47393894736842,7.558334464903228
-31.86637380952381,118.60438095238096,10.928571428571429
-31.918334057971013,118.73072898550724,5.928985507246377
-31.946191666666664,118.80956666666667,5.75
-31.950013157894738,118.84889429824561,6.667763157894737
-32.06859411764706,119.03778137254902,6.047794117647059
-32.106032575757574,119.04943181818182,6.384090909090909
-32.163940476190476,118.95557857142856,5.294642857142857
-32.29137426900585,118.59812046783627,3.7820981406507723
-32.29551333333333,118.44179,10.833333333333334
-32.42101944444445,117.42370555555554,6.1372685185185185
-31.841237052341597,118.33636799816344,4.481957591336349
-31.97143353909465,117.88715452674899,5.395450317878939
-32.01642222222222,117.67111666666666,5.833333333333333
-30.984293333333333,117.3429625,5.1225000000000005
-30.71604285714286,117.24869523809524,6.625
-30.38773952020202,117.08695227272727,3.516856060606061
-30.282801767676766,117.05056691919192,4.504077298117546
-30.200666666666667,117.04415,8.166666666666666
-30.167045833333333,117.04757916666667,3.01875
-30.625689583333333,116.97358125,4.467708333333333
-32.7910064232902,117.47809197987266,2.3216751792713706
-32.88580833333333,117.74026666666666,8.333333333333332
-33.004583333333336,117.98140333333333,8.8
-32.90891470588235,118.11468725490195,7.754901960784315
-32.65895140350877,117.84054631578947,3.396374269005848
-31.933465204678363,118.11682397660819,8.457309941520467
-31.92125,118.15277777777777,6.972222222222222
-31.88011210576015,118.260760802644,8.244169309022075
-30.86145180041152,118.3358350308642,4.832611347466296
-30.810141666666667,118.33220833333334,7.5
-30.70913,118.41885833333333,10.1
-30.685625,118.47086666666667,7.925
-30.6189,118.54234683908045,2.816666666666667
-30.700134199134197,118.55938528138529,4.210438499409087
-31.040648924731183,118.59535483870968,3.7221062618595826
-31.175185626911315,118.59308272171255,3.3283384301732926
-31.603746875,118.71858854166666,5.91875
-31.72609,118.77359583333335,4.421544117647059
-31.98938777777778,118.90916888888889,3.079716775599129
-32.31650833333333,118.87065,7.875
-32.40905,118.87093333333334,6.625
-32.441266666666664,118.87215833333335,6.5
-32.379864319248824,118.80244970657277,3.031952944879459
-32.254936666666666,118.56141666666667,5.75
-32.16281111111111,118.26712222222223,5.402083333333334
-32.1362375,118.2230875,4.036199095022624
-33.321663072916664,117.24182520833332,4.648509424603175
-33.38845303030303,117.27871818181819,8.984848484848484
-33.420981404958674,117.28923016528925,3.750603629917206
-33.47361736111111,117.32105086805556,3.7301612128769635
-33.53888333333334,117.30608333333332,5.035714285714286
-33.62643812206573,117.33337854460095,4.098081316179908
-33.67899666666666,117.35361,8.171666666666667
-33.97347,117.41266666666665,6.316666666666667
-34.10348845101259,117.42624490968802,3.8415981209084658
-34.206670833333334,117.46726666666666,7.354166666666667
-34.226841666666665,117.47593333333333,6.458333333333333
-34.26767913793103,117.49410764367815,6.497416765795917
-34.364241666666665,117.52227500000001,5.747916666666667
-34.35948783783784,117.56669729729731,5.55
-34.315556201550386,117.55338798449613,7.517607973421927
-34.24210105820106,117.51860158730159,6.057804232804233
-34.18367094017094,117.52965758547009,5.525267094017094
-34.04416871345029,117.47487266081872,4.357966197220583
-33.98311333333333,117.46166666666667,4.236666666666666
-33.686479166666665,117.38794583333333,3.369047619047619
-33.65435264069264,117.40298305194806,4.842610614493731
-33.19110416666666,117.28952916666667,3.9333333333333336
-32.66245,117.28481481481481,9.600000000000001
-32.93444595959596,117.41952991021323,4.229997818875763
-33.25031503267974,117.53960049019608,4.71062091503268
-33.390719209039545,117.64824322033898,5.345480225988701
-33.76379166666666,117.88185,7.5
-33.812691666666666,117.9135,5.9
-34.026145,118.04406833333333,4.065833333333333
-34.09985064102564,118.0856717948718,4.324358974358974
-34.05844166666667,118.075675,5.3
-33.92851575091575,117.94846738261738,3.7130717271169695
-33.815845833333334,117.88360555555556,2.9125
-33.783092283950616,117.83107932098766,4.7854938271604945
-33.656960975609756,117.75011991869918,3.963008130081301
-33.60194736842105,117.71806403508772,5.332456140350877
-33.560475,117.69512499999999,5.4
-33.432738039215685,117.63092588235293,3.305685392836185
-33.17288416666666,117.48261124999999,12.568048245614035
-33.01089260661115,117.3780167676003,3.1073245576626016
-32.954825,117.35672500000001,4.3
-33.06325416666667,117.07385833333333,6.25
-33.28832156862745,117.10243333333334,4.087132352941176
-33.606975000000006,117.86758333333333,6.75
-33.59222356321839,117.90056637931035,5.287787356321839
-33.47949555555555,118.302285,6.888333333333334
-33.398175925925926,118.58157160493828,7.222222222222222
-33.3777141025641,118.63913675213676,6.778205128205129
-33.32877222222222,118.77623333333334,8.583333333333334
-33.3102880952381,118.84123571428572,8.892857142857142
-33.289663636363635,118.89720606060605,8.090909090909092
-33.26423174603175,119.00415317460318,7.042857142857143
-33.18853333333334,119.21974166666666,5.625
-33.177458333333334,119.26432083333333,6.5
-33.16238333333333,119.29633888888888,8.166666666666666
-33.12202730923695,119.45289016064258,7.267469879518073
-33.115991666666666,119.55088333333333,6.875
-33.052445,119.60188000000001,12.35
-33.04137492753623,119.56809014492754,6.731702898550725
-32.94911111111111,119.36432777777777,5.833333333333333
-32.88117142857143,119.25763571428573,8.480158730158731
-32.85262592592593,119.19788024691358,11.345679012345679
-32.82044444444445,119.11859999999999,10.0
-32.79226306451613,119.04460543010754,7.528548387096774
-32.73079166666667,118.96711041666667,8.458333333333334
-32.68012009803922,118.84768578431373,8.343137254901961
-32.652575,118.76890416666667,9.5
-32.58316065449011,118.6322413242009,7.019939117199391
-32.58164444444444,118.56531111111111,10.233333333333333
-32.493914102564105,118.35154102564103,6.269230769230769
-31.503857142857143,118.68627619047618,4.7350519155030435
-31.513542342342344,118.74697027027027,6.196396396396396
-31.515528174603173,118.83849563492063,3.5002645502645504
-31.487396666666665,118.79791,6.683333333333333
-31.203686904761902,118.64733571428572,9.952380952380953
-31.16993271604938,118.6247512345679,9.5
-31.030557783882784,118.51449001831502,4.6277254491540205
-30.942886244979917,118.53524969879517,4.637236554947491
-30.903467634680133,118.59397403198653,5.489928801907968
-30.73598484848485,118.48056287878786,6.185606060606061
-30.613254166666668,118.41343571428571,12.031547619047618
-30.57068222222222,118.3910828888889,9.830444444444444
-30.57502424242424,118.25596212121212,6.863636363636363
-30.58715523809524,118.22339761904763,10.343333333333334
-31.01320196078431,117.56599803921569,11.024509803921568
-30.31915,117.00500333333335,8.15
-30.345235632183908,117.05280632183909,5.120498084291188
-30.53580985915493,117.41651948356808,4.327151799687011
-30.58852142857143,117.50900333333334,3.6296031746031745
-30.91020606060606,118.48650909090908,8.530303030303031
-30.943916666666667,118.63299444444446,8.333333333333334
-30.9498,118.66545555555554,7.083333333333333
-30.949116666666665,118.72546612903226,12.223118279569894
-30.961285333333333,118.7971208888889,4.561407407407407
-31.042222727272726,119.01884999999999,6.9772727272727275
-31.1190375,119.1199,7.9375
-31.183064285714284,119.17683412698413,5.763355897914722
-31.22565286034773,119.23556005172307,2.9562021533205347
-31.277259523809523,119.21623095238095,4.676923076923077
-31.871075362318837,117.71703768115943,2.913586956521739
-32.45300625,117.9236,5.225
-32.47824166666666,117.93656666666666,5.25
-32.672075,118.02545416666666,8.25
-32.76065833333334,118.06395833333333,7.25
-32.85473101851852,118.1054412037037,9.165972222222223
-32.82090465116279,118.03213527131784,5.324418604651163
-32.65057608695652,117.7841536231884,7.004347826086956
-32.39381111111111,117.33447222222223,10.61111111111111
-32.446425,117.38344166666667,7.166666666666666
-32.17206896551724,117.97174195402299,5.408232986681263
-31.957976041666665,118.1344669642857,3.782440476190476
-31.769702941176472,118.31679705882352,6.607843137254902
-31.595714202898552,118.52024,4.336690821256038
-32.933202362204725,116.75265866141731,4.407961504811898
-33.082208333333334,116.76343333333334,12.041666666666666
-33.30193333333333,116.73808958333333,4.875
-33.362516666666664,116.794725,8.833333333333332
-33.44062777777778,116.93849999999999,9.13888888888889
-33.617388733159494,117.4273969035202,4.085963645256894
-29.973469523809523,116.63097571428571,4.691604010025062
-30.016666666666666,116.69720833333332,5.625
-30.07415644820296,116.78517959830866,4.6542647477002
-30.143150793650793,116.89544285714285,7.586507936507936
-30.347630489296638,117.15832385321102,4.124025124665622
-30.357499999999998,117.25259967948719,6.486698717948718
-30.218092857142857,117.15363214285715,8.235714285714286
-30.51448,117.92581,7.25
-30.658827777777777,118.29169444444445,12.761904761904763
-30.660791666666668,118.33430833333333,5.5
-30.868682624113475,118.73800390070922,5.726950354609929
-30.968044444444445,119.05366388888888,11.208333333333334
-31.008490952380953,119.09002904761905,4.618571428571428
-33.0152779265873,116.8034632440476,5.862943503424762
-33.68136173647469,117.52986806282722,2.4779928607904433
-30.53855,117.05772291666666,8.5
-30.547028205128203,117.09597692307692,12.935897435897434
-30.8771,118.32479444444444,5.666666666666667
-30.941213020833334,118.38628932291667,3.2726771835378887
-32.55073333333333,117.847275,9.775
-30.970325000000003,118.24076666666667,10.395833333333334
-31.061935555555557,118.46066111111112,8.827777777777778
-31.12429722222222,118.49400277777778,4.9624999999999995
-31.180333333333333,118.49815833333332,12.75
-31.59202704402516,118.78025220125787,5.092845911949686
-30.78932502628812,117.02093575184017,4.229703866046782
-30.881797083333332,116.98125708333335,3.748095238095238
-30.359914583333335,117.10811041666668,7.104166666666666
-30.536985416666667,117.6422125,9.458333333333334
-30.8277125,118.48201666666667,9.166666666666666
-30.99499666666667,118.80676000000001,11.3
-31.022410288065842,118.87295802469136,3.937654320987654
-31.056773809523808,118.97239285714285,5.92063492063492
-31.110640942028986,118.99374130434782,3.685084541062802
-31.165909046214356,119.0187833497214,3.204990580408514
-31.267927777777775,118.78701666666666,7.777777777777778
-31.354327272727275,118.34982878787878,4.106060606060606
-31.79672688172043,117.84733655913979,1.8455197132616488
-32.408268666666665,117.360228,8.148666666666667
-32.435948787878786,117.4142890909091,6.729220779220779
-32.621257407407406,117.63889166666667,9.419444444444444
-32.64409761904762,117.67365,8.366666666666667
-32.65911666666666,117.69955747126436,7.467816091954023
-32.70988662593347,117.77665763747454,4.260746588627233
-32.89171666666667,118.18557000000001,7.680833333333334
-32.8995750524109,118.24847955974842,4.820142734904842
-33.01333555555556,118.35446844444445,8.002222222222223
-32.97119166666667,118.45835,5.25
-32.88373292011019,118.46643760330578,3.427562307364587
-32.853219230769234,118.45273333333333,8.576923076923077
-32.495442376681616,118.43365295216742,3.3618147254335455
-32.41085367521367,118.44616623931624,4.304392420555198
-32.12082037037037,118.50043703703705,7.638888888888889
-32.02942733333333,118.50672866666666,14.474666666666668
-31.972086231884056,118.53132681159421,5.638405797101449
-31.945909090909087,118.53979393939395,9.409090909090908
-31.850635172413792,118.54999333333333,4.440379073219897
-31.799713725490196,118.55744705882353,10.55392156862745
-31.646312608695652,118.59460869565217,5.718850183856914
-31.575545238095238,118.62701904761904,6.726190476190476
-31.538169444444446,118.63864722222222,8.770833333333334
-31.348456666666664,118.17797666666665,5.7
-31.925326666666667,118.42763833333333,6.0600000000000005
-32.1181,118.47578888888889,6.666666666666667
-32.345556944444446,118.61825694444445,7.825
-32.36602777777778,118.59918333333333,6.666666666666667
-32.288888888888884,118.34912777777778,8.75
-32.23116572580645,118.0359497311828,3.0363239247311826
-32.23981666666667,117.98324166666667,9.0
-32.203073333333336,117.73393666666666,6.9
-31.04229732510288,118.35054362139918,6.985253772290809
-31.127144444444443,118.61986666666667,10.333333333333334
-31.171392962962965,118.69044925925927,6.127407407407408
-31.180500000000002,118.84740833333333,8.416666666666668
-31.215733333333333,119.13306666666666,10.0
-31.223216666666666,119.17333333333333,8.666666666666668
-31.32360166666667,119.33914,8.133333333333335
-31.377460000000003,119.25590333333335,9.666666666666668
-31.399473333333333,119.21951166666668,8.0
-31.43680416666667,119.20189166666667,7.833333333333334
-31.476217708333333,119.18412395833333,4.4750000000000005
-31.603733333333334,119.0011375,10.416666666666668
-31.67503333333333,118.82968333333334,8.88888888888889
-31.692628333333335,118.65833083333334,3.5416666666666665
-31.818292,118.49839633333333,4.335833333333333
-32.13322777777778,117.86729444444444,7.694444444444444
-32.460766666666665,117.81969166666667,6.375
-32.10237380952381,118.59362857142857,5.239831349206349
-32.044804166666665,118.69862916666666,5.625
-31.971193378995434,118.75439863013698,3.793763559164446
-31.88093888888889,118.38580833333333,8.420833333333333
-31.827441666666665,118.11564166666668,4.8
-32.208345480225994,118.61967175141243,5.140749347612966
-32.232927777777775,118.64002777777777,4.3
-32.28998333333333,118.69751666666666,8.22
-32.70993333333333,118.41836333333333,4.37
-32.99471626984127,117.69134484126984,4.609070294784581
-32.99021484848485,117.58706181818182,5.446363636363636
-33.01080333333333,117.48489666666667,5.4799999999999995
-30.68972777777778,118.50294444444444,5.625
-30.5224625,118.6446125,6.75
-30.626508333333334,118.666775,8.25
-30.830985714285713,118.64924761904761,6.278571428571429
-31.45314259259259,118.73193888888889,6.666666666666667
-31.55125,118.69709444444445,5.330952380952381
-31.547351666666668,118.46936166666667,7.205
-33.229170833333335,116.92201388888888,4.288541666666666
-33.27231333333334,116.92939666666666,12.716666666666665
-33.380966666666666,116.94418333333333,8.25
-33.536990046296296,116.98122870370372,3.7308449074074073
-33.98379082125604,117.31101690821257,4.964311594202899
-33.86134829545455,117.286140625,2.7596901703495162
-33.53650873015873,117.06487063492064,6.053571428571429
-33.447649999999996,117.02170833333334,9.5
-33.34253409090909,116.95723598484848,6.505681818181818
-33.196083333333334,116.9075,9.125
-33.44011666666666,117.31841666666666,7.666666666666667
-34.1146125,117.50360416666666,8.125
-34.329954761904766,117.51018809523809,6.153571428571429
-34.2545,117.4608,15.0
-34.21017777777777,117.40818333333333,8.222222222222221
-34.092238888888886,117.28826944444444,8.13888888888889
-33.42349166666666,117.03242916666667,6.3125
-33.24200833333334,116.99326282051283,3.210096153846154
-32.82086328125,116.97879765625,4.52734375
-33.7119944949495,117.48948679292928,5.056431647714015
-33.69883333333333,117.55962500000001,7.5
-33.654325,117.70895,6.25
-33.59621666666666,117.84198333333333,6.125
-33.508127083333335,118.19136666666667,8.40625
-33.380811111111115,118.50841111111112,6.25
-33.33197083333334,118.62975416666667,9.40625
-33.287443333333336,118.73083999999999,6.45
-33.27852222222222,118.78733333333334,5.833333333333333
-33.264313333333334,118.82588666666666,8.0
-33.23800833333333,118.88922916666667,9.3125
-33.12748125,119.24199166666666,9.96875
-33.085071428571425,119.68293333333334,7.907738095238095
-32.891149999999996,119.3314,7.0
-32.87502833333333,119.20623499999999,5.1450000000000005
-32.83355833333333,119.06845833333333,8.625
-32.79533333333333,118.97719166666667,6.375
-32.75732333333333,118.92707666666665,4.220000000000001
-32.73846666666667,118.888925,10.75
-32.704209523809524,118.82290714285715,3.7357142857142853
-32.686733333333336,118.73837575757575,5.9818181818181815
-32.57345555555556,118.27291666666667,5.5
-32.5696,118.15883,8.483333333333333
-32.05010555555556,116.84025476190477,6.809523809523809
-30.446283333333334,117.169775,8.25
-31.06848488372093,118.00539379844962,3.262596899224806
-31.278307553956836,118.3264942446043,5.325359712230216
-31.315143478260868,118.11606521739131,3.888541666666667
-31.27008777777778,118.13847805555557,8.999722222222223
-33.02437051282051,117.27265256410257,5.051602564102565
-32.9814,117.296425,6.125
-32.90262936507937,117.36475396825396,3.399801587301587
-32.859742824074075,117.39930694444443,3.5364583333333335
-32.74689444444444,117.48268333333333,7.75
-32.57421198501873,117.62302434456929,4.56816479400749
-32.42950833333333,117.75742777777778,6.916666666666667
-32.19280833333333,118.08056666666667,6.0
-32.139271875,118.10432604166667,2.82578125
-31.973505,118.27795433333333,3.5555833333333333
-31.9074625,118.39173333333333,3.496875
-31.815478682170543,117.91827080103359,3.6633720930232556
-30.6759,117.15878712121211,9.537878787878789
-30.735957471264367,117.36193017241379,4.846264367816092
-31.049933333333335,117.716625,6.5
-31.2795696969697,117.98967121212121,10.727272727272727
-31.299983333333333,118.01413469387755,3.027097505668934
-31.32486282051282,118.03425128205127,6.685897435897436
-31.19575,117.71815833333334,12.833333333333334
-30.51842368421053,118.5314096491228,5.95
-30.51074184397163,118.59085141843971,6.656501182033097
-30.42385,118.6259,12.166666666666668
-30.39296282051282,118.6374641025641,6.664957264957265
-30.34478888888889,118.67276111111111,11.888888888888888
-30.40346470588235,118.66666176470589,9.401960784313726
-30.939449999999997,118.45504999999999,10.888888888888888
-30.992548611111115,118.44345416666665,5.652777777777778
-31.067155555555555,118.4430611111111,8.0
-31.127796666666665,118.25929777777779,8.684444444444445
-33.24086212121212,117.34725000000002,6.935007974481659
-33.165585002225185,117.71571054739654,4.369203435389775
-33.13967315789474,118.25410561403508,4.495550279206789
-33.057766666666666,118.25186111111111,8.666666666666666
-32.856461111111116,117.85014444444444,6.333333333333333
-32.92027899850523,117.59217234678626,3.996976655897195
-31.851464393939395,117.87732651515152,2.44469696969697
-31.99943125,118.23433020833333,3.279166666666667
-32.136815,118.37224499999999,6.6049999999999995
-31.924518452380955,117.79098690476191,4.248214285714286
-32.2966,117.73179999999999,6.5
-31.255641666666666,118.10229166666667,7.3125
-30.574173148148148,118.17884490740741,5.092361111111111
-30.55627857142857,118.01076666666667,8.821428571428571
-30.607040404040408,117.97341111111112,3.851893939393939
-31.44193333333333,119.31708333333333,6.5
-31.480369444444445,119.28880277777778,6.583333333333333
-31.528608823529414,119.20855392156862,4.761029411764706
-31.551933333333334,119.18378888888888,8.583333333333334
-31.639038461538462,119.12136153846154,4.857692307692307
-31.675410833333338,119.09523750000001,6.56
-31.721649999999997,119.029375,6.125
-31.86618666666667,118.95843666666667,6.7
-31.901379166666665,118.92617916666667,7.59375
-31.953970833333333,118.9064875,7.375
-32.0736125,118.84990416666668,7.375
-32.1241875,118.8124625,7.375
-32.147441666666666,118.78825833333333,6.625
-32.49773611111112,118.51672222222221,8.666666666666666
-32.83616341463414,118.20790650406505,6.380894308943089
-32.95665833333334,118.08564166666667,11.0
-33.210225,117.92398333333333,8.0
-32.73019166666667,117.70933333333333,5.5
-32.3748375,117.55519916666667,5.6625
-29.808895161290323,116.5666806451613,5.823118279569893
-30.021554444444444,116.98294777777778,4.8933333333333335
-30.074416666666668,117.16011666666667,6.5
-30.114049206349208,117.21090317460319,6.011904761904762
-30.199822222222224,117.32166666666667,6.75
-30.263333333333335,117.38988333333333,6.5
-30.45070833333333,117.71475833333332,6.0
-30.52095,117.85216666666666,9.75
-30.019040476190476,116.81306904761905,8.136904761904763
-29.990861111111112,116.79195833333334,6.416666666666667
-30.12576917562724,116.79350268817204,4.035961768219833
-32.90433703703704,117.7269685185185,11.222222222222221
-32.929208333333335,118.0794625,7.500000000000001
-33.31771,117.09912666666666,7.69
-33.74834166666666,117.29295128205128,5.65
-33.65586041666667,117.48927916666666,9.5
-33.53290666666667,117.64783,9.225
-33.50942,117.69644333333333,5.8100000000000005
-33.455590740740746,117.80009259259259,6.027777777777778
-33.45549333333334,117.83621000000001,9.9
-33.41735,117.8837,13.125
-33.36934166666667,117.98068333333333,11.875
-33.34263333333333,118.029475,12.75
-33.327108333333335,118.0522875,12.1875
-33.30874166666666,118.06861666666666,14.0
-33.293420833333336,118.10563333333333,8.03125
-33.27879133333333,118.15782333333333,6.22
-33.23040793650794,118.22457698412697,3.525925925925926
-33.1785375,118.34530416666666,7.125
-33.134775000000005,118.422575,11.875
-32.69671666666667,117.89435,8.75
-32.507558333333336,117.31309999999999,8.0
-31.146265696394167,118.9232979768786,3.3092056343298983
-31.09889898989899,118.70844393939394,5.642104872251931
-31.485680068407962,116.70164944029851,2.4228257675260036
-31.303671649484535,116.57563075601374,3.4548416789396175
-31.243416312056738,116.55781294326242,1.7847193815505356
-31.19176373801917,116.52669148029818,5.358465723366773
-31.05296376811594,116.47502391304347,2.6213341324325303
-30.928387445319334,116.42518853893263,18.026947281422125
-30.854905729166664,116.3902349905303,3.3058894167229114
-30.79150416666667,116.39447916666667,4.25
-30.729511302681992,116.37142519157088,3.50574787134051
-30.699166666666667,116.34735,4.0
-30.562749816849816,116.29441195054946,4.163581802491577
-30.585640697674418,116.31195116279069,3.95233918128655
-30.58416111111111,116.35792777777777,4.133333333333334
-30.65402976190476,116.56604285714286,7.6499999999999995
-30.272366666666667,116.88739166666667,9.0
-31.258966666666666,118.2699,5.75
-30.31910303030303,117.18700909090909,6.962121212121212
-30.44285208333333,117.4596,10.697916666666666
-30.464125,117.51936666666667,13.75
-30.488595707070708,117.56652929292929,8.237734487734487
-30.77054814814815,118.08849074074074,4.811111111111111
-30.97525459770115,118.69977988505748,3.019396551724138
-30.999266666666667,118.74386666666666,9.75
-31.015866666666668,118.80184166666666,9.875
-31.047888888888888,118.92554444444444,10.25
-31.078119444444447,119.08917962962963,8.194444444444445
-31.123491666666666,119.14849583333333,7.0625
-31.15598888888889,119.19491666666666,6.666666666666667
-31.303933333333333,119.27513333333333,9.6875
-31.38267,119.161095,4.835
-31.40246,119.10254,8.433333333333334
-30.65635978835979,117.60554338624338,4.526984126984127
-33.631125,117.836725,6.666666666666667
-33.628505000000004,117.86580333333333,8.9
-33.58777719298246,117.99936315789473,9.548245614035087
-33.54821190476191,118.29130714285715,10.0
-33.54716666666667,118.31924166666667,7.333333333333334
-33.54725666666666,118.34402666666668,9.6
-33.531671598639456,118.46147857142856,7.636151603498543
-33.50362705882353,118.57937058823529,10.114117647058825
-33.46915,118.68846,12.966666666666665
-33.43383947368421,118.75802324561403,9.026315789473685
-33.229924999999994,119.25441666666666,8.0
-33.22072222222222,119.28920972222222,9.541666666666666
-33.17494444444444,119.4546111111111,8.0
-33.172165410958904,119.48340410958905,7.564611872146119
-33.11792176870748,119.60297482993198,9.273809523809524
-32.995264379084965,119.46142777777779,8.722222222222221
-32.564750000000004,118.60526666666667,7.333333333333333
-32.542575,118.55206666666666,8.0
-32.52974333333333,118.52022,8.8
-32.40949438058748,118.21524243295019,5.7139839917952795
-32.388447222222226,118.17296111111112,10.0
-31.30143484848485,118.05542424242425,4.959595959595959
-31.24556666666667,118.05059666666666,5.527222222222222
-30.915416666666665,117.322525,9.125
-30.965945679012343,117.45720802469135,4.363888888888889
-31.19371481481481,117.99131481481481,6.911111111111111
-31.26413888888889,118.17708055555556,6.944444444444444
-31.311391666666665,118.28743958333334,7.077083333333333
-32.33861629213483,116.8185476166156,2.69319332817271
-32.467816666666664,116.76188541666667,2.6306547619047618
-32.4896825477327,116.72270572792362,1.9861449223778307
-32.53489166666667,116.69293333333333,1.3101156690746474
-32.57223957345972,116.65717881121643,2.4576885797531807
-32.6724737254902,116.5606874509804,2.0770201759429585
-32.71582381589212,116.52380343809206,2.7029853391731207
-32.740471666666664,116.50327833333333,4.190952380952381
-32.77695714285714,116.48077714285715,2.0707891783262196
-32.82444046485801,116.47204410598127,3.0377700428002656
-32.895325,116.51978333333334,4.333333333333333
-32.928333333333335,116.54481666666666,5.416666666666667
-32.94831925227114,116.56595849056605,2.707165201506771
-33.00221666666667,116.5987,6.083333333333334
-33.02758333333333,116.61701666666667,6.083333333333333
-33.06425,116.64323333333333,5.833333333333334
-33.53430802681992,116.92508865900383,2.873197497648629
-33.62071666666667,116.98755,10.5
-33.74811916666667,117.05964369047618,2.986788655929799
-33.775752777777775,117.08430555555556,7.527777777777779
-33.862945238095236,117.44265476190476,8.485714285714286
-33.88024166666667,117.57334238095238,2.3293083373700356
-33.879753087909876,117.62300472741903,3.4399614810367534
-33.888586363636364,117.69768969696969,4.806587301587302
-33.90658333333333,117.79455,7.5
-33.9338125,117.9189425,1.8623925008599929
-33.84071048951049,117.9354893939394,3.6981574372690225
-33.61294935897436,117.77975897435898,1.8622399865686958
-33.544852764612955,117.74358088467615,2.8966458172193796
-33.47377000534188,117.67003691239316,2.606823746417995
-33.12016666666667,117.43708805555555,1.538930949797823
-30.665058333333334,118.2496375,7.5
-30.805422279792747,118.10308134715027,4.4514274531877875
-31.137797023809526,117.76339404761904,5.767857142857143
-32.130306875687566,118.27472425742575,3.027970297029703
-32.17218333333333,118.2074888888889,4.916666666666667
-32.79369701492538,117.4029196517413,3.678078358208955
-32.93199285714286,117.23730714285715,7.028571428571429
-30.889681818181817,117.60768712121212,8.170454545454545
-30.397241666666666,116.55315833333333,9.875
-30.35582777777778,116.52100555555556,10.25
-30.31335238095238,116.48482380952382,6.553571428571429
-30.148491666666665,116.443725,14.25
-29.546300000000002,116.48311666666666,8.0
-29.60865,116.5668203125,4.3078125
-29.64151818181818,116.61990151515151,5.468181818181818
-29.664020833333332,116.7048625,8.59375
-29.71226282051282,116.82774423076923,7.634615384615385
-29.764794444444444,116.95770555555555,10.333333333333334
-29.823453333333333,117.06661166666667,7.05
-29.827145833333333,117.09765833333333,6.75
-29.987241666666666,117.48084000000001,5.9799999999999995
-30.026891666666664,117.604525,11.0
-30.07356875,117.6807,7.375
-30.246780701754385,118.1965307017544,6.365277777777778
-31.772517695473248,116.79480061728394,4.1826535861258085
-31.74266,116.77223722222222,3.1668055555555554
-31.685899999999997,116.75163333333333,6.25
-31.603499659863946,116.72150476190477,4.550955620343375
-31.505603648648652,116.64831425675676,3.523967246999368
-31.316816666666668,116.60511666666667,5.625
-31.077233333333332,116.52026666666666,5.275
-31.055541666666667,116.51070833333333,8.125
-30.974322222222224,116.4833,6.5
-30.87434264069264,116.43143896103895,5.02202380952381
-30.510283333333334,116.26480833333333,6.125
-30.393279999999997,116.22283,5.95
-30.357916666666668,116.21445833333334,8.375
-30.31092380952381,116.19593214285715,5.365476190476191
-30.100247549019606,116.10483137254903,4.1495098039215685
-30.048202688172044,116.06650967741935,9.443548387096774
-29.938374444444445,116.04102722222223,5.7975
-29.77024814814815,115.94855092592593,6.043055555555556
-29.640116666666668,115.88589166666668,6.625
-29.528197435897432,115.8513141025641,5.746153846153846
-29.55473333333333,115.89760714285714,6.178571428571429
-29.62829420289855,116.05239375,4.055019625603864
-29.675551785714283,116.16449583333333,10.758928571428571
-29.83181111111111,116.50875833333333,6.425
-29.8763,116.57422500000001,8.875
-29.896502259887004,116.61000875706215,5.159533898305085
-29.93674662576687,116.67767995910022,7.677089297886844
-32.55114916666666,117.74488166666667,7.385833333333333
-29.887816666666666,116.49666388888888,7.526388888888889
-29.922784615384614,116.59628333333333,7.4423076923076925
-29.972920712909442,116.76660626204239,3.5816955684007707
-30.03675833333333,116.841925,6.75
-30.06109222222222,116.87875222222222,6.9
-30.108208333333334,117.01210833333333,11.625
-30.132233333333332,117.07247777777779,10.083333333333334
-30.151058333333335,117.09490833333334,8.5
-30.181133333333335,117.12998333333334,11.625
-30.330513333333336,117.43229000000001,7.17
-30.443145833333332,117.6585875,9.0625
-30.928758333333334,118.74009166666667,14.5
-30.987325,118.85645833333335,9.444444444444445
-31.094633333333334,119.23048888888889,12.333333333333334
-31.177183333333332,119.40709722222222,11.541666666666666
-31.192566666666664,119.45408333333334,6.083333333333333
-31.24412619047619,119.54105476190476,6.857142857142857
-31.262816666666666,119.578125,6.875
-31.37405,119.50672499999999,9.75
-31.423708333333334,119.415025,7.5
-31.45533125,119.36295416666667,6.5
-31.733854761904762,118.88779523809524,10.452380952380953
-31.797159999999998,118.73951666666667,5.7
-31.82046111111111,118.68676111111112,8.166666666666666
-31.943833333333334,118.38650833333332,6.5
-31.963011538461537,118.34881282051282,5.365384615384615
-32.1511,117.87474166666667,9.375
-33.012586538461534,117.0067564102564,7.316025641025641
-31.653311111111112,116.73961111111112,5.083333333333333
-31.417252016607353,116.62663712930014,6.937102468508162
-30.78598333333333,116.34923515873015,4.009689153439153
-30.74687380952381,116.32130238095239,10.285714285714286
-30.728354166666666,116.31115,10.4375
-30.701205292259083,116.29651674565561,6.22261300961725
-30.656377777777777,116.26947962962964,7.046296296296296
-30.60186434599156,116.24187257383966,9.823206751054851
-30.55535,116.23,9.708333333333334
-30.5401824829932,116.20771539115647,5.456838853962638
-30.432157308522115,116.1674066343042,20.375384625263266
-30.218018987929433,116.05477112349118,5.604312574612018
-30.11063518518519,116.00593333333333,9.916666666666666
-30.012959311224492,115.96960531462585,10.062791039034662
-29.88865333333333,115.91557666666668,11.8
-29.856333333333335,115.90294444444446,12.416666666666666
-29.694344444444443,115.8300111111111,9.0
-29.61719024663677,115.7906899103139,4.345215406790519
-29.59188611111111,115.91608611111111,6.583333333333333
-29.624389814814815,115.98655529100529,6.579095804988662
-29.70064595959596,116.16412828282829,11.972222222222221
-29.722171121351767,116.20479408602151,11.082707007534196
-29.770520833333332,116.30953472222222,11.291666666666666
-29.815211240310077,116.42237170542636,3.9141688199827733
-29.8443,116.44731666666667,6.583333333333333
-29.86844,116.49205500000001,14.225
-29.89611551724138,116.54318965517241,6.8405172413793105
-29.943301515151514,116.72032424242424,7.265151515151516
-29.98823888888889,116.8171,5.416666666666667
-30.02760294117647,116.89539607843138,8.159477124183006
-30.043330555555556,116.94528055555556,9.944444444444445
-30.12569166666667,116.97031944444444,7.708333333333333
-31.313802272727273,118.79397045454544,5.473989898989899
-31.30735870988867,118.82490553372627,2.7885616985465225
-31.296409281398635,118.86883592364057,4.217726509008184
-31.26087843137255,119.0697,6.408823529411765
-31.247846666666668,119.14366500000001,6.071666666666667
-31.19492564102564,119.13189487179487,5.477564102564102
-31.12891575757576,118.8472396969697,7.577272727272727
-31.09601013210663,118.64813676574663,3.1397980548892086
-31.036689583333334,118.24054375,4.254166666666666
-30.8862125,117.35383611111111,8.5
-31.52094074074074,118.96187962962962,6.166666666666667
-31.536366666666666,119.13858611111111,9.0
-31.56505641025641,119.24197692307692,8.567948717948719
-31.68380702614379,119.00551209150328,4.112309368191721
-31.853888020833335,118.768390625,7.484375
-31.880043333333333,118.74016666666667,8.216666666666667
-31.836262499999997,117.71135583333333,3.3680208333333335
-31.851375,117.78287499999999,6.1
-32.075519047619046,118.93416904761905,7.035714285714286
-31.897675000000003,118.80075555555555,8.958333333333334
-31.823099999999997,118.75113333333334,8.375
-31.726358333333334,118.71330833333333,7.25
-31.65201666666667,118.51555,5.75
-33.62417623188406,117.59226333333334,2.772125603864734
-33.435692857142854,117.90665714285714,5.023809523809524
-33.40824197388633,117.96408755760368,2.5366615463389657
-33.141295734126984,118.3639326388889,2.445138888888889
-32.63116166666667,117.61106833333334,1.422222222222222
-32.63419761904762,119.13969285714286,2.6875
-32.685695833333334,119.22540416666666,2.5625
-32.834198717948716,119.42687307692307,2.875
-33.033992857142856,119.64246904761906,2.1517857142857144
-33.001628985507246,119.2166963768116,2.7690217391304346
-32.97503333333333,119.00199583333334,4.1171875
-32.946575,118.78462083333334,2.78125
-32.93330303030303,118.66387272727273,3.6193181818181817
-32.88831666666667,118.385525,3.25
-32.731316666666665,117.58832777777779,3.1666666666666665
-32.428041666666665,118.90736078431372,10.43235294117647
-33.287789999999994,116.68226666666666,8.1
-33.344052380952384,116.63304761904762,7.5
-33.386612962962964,116.6537962962963,6.685185185185185
-33.29275925925926,117.2198300925926,6.060185185185185
-32.62632723004695,117.91772300469484,4.323532863849765
-32.61186666666667,117.86628333333334,9.833333333333334
-32.61115,117.81871666666666,7.916666666666666
-32.58354444444444,117.764325,4.666666666666667
-32.470533333333336,117.48845,12.875
-31.820430701754383,116.75149057017545,7.110690377258937
-31.77916762820513,116.72342994505496,4.919182028411905
-31.753940476190476,116.71154047619048,5.564285714285715
-31.725465350877197,116.701175,8.335087719298246
-31.6955,116.68915555555556,6.373809523809523
-31.650409375,116.67440104166667,7.310416666666667
-31.413427421578767,116.58057711134092,4.830924579336612
-31.33126313131313,116.54164747474748,9.906060606060606
-31.0819525,116.49828083333334,8.795833333333333
-31.02939814814815,116.47686840958606,6.091392990518074
-30.505825525525527,116.18477132132132,5.050360616033991
-30.464235714285714,116.16645476190476,8.470238095238095
-30.389387927350427,116.13305277777778,5.415321157421583
-30.34704166666667,116.10830277777778,6.305555555555556
-30.271764285714283,116.07081333333333,7.675238095238095
-29.880524080330332,116.09515878378379,6.213358759024393
-29.824860454545455,116.11490606060606,5.260656565656566
-29.76127807017544,116.10227807017544,9.25438596491228
-29.663054761904764,116.09153714285713,11.158095238095239
-29.58584619047619,116.03761571428572,10.148571428571428
-29.526561851851856,116.0016011111111,12.04925925925926
-29.464086666666667,116.01522666666666,7.577777777777778
-29.406413333333337,116.01929,8.0
-29.368342962962966,116.00417814814816,15.05
-29.32875666666667,115.98558833333334,6.775
-29.296306666666666,115.9653111111111,10.761111111111111
-29.239579166666665,115.92917083333333,8.166666666666666
-29.205034959349593,115.90558699186991,10.75
-29.146905555555552,115.834725,8.555555555555555
-29.05113400900901,115.77390563063064,8.873873873873872
-28.93778475336323,115.67160964125561,7.56897437914667
-28.915963888888886,115.61644444444444,7.833333333333333
-28.88987857142857,115.58462952380953,9.545238095238094
-28.993298,115.72652933333333,9.226666666666667
-29.096773958333333,115.82263333333333,7.989583333333333
-29.25168893065998,115.96904193817878,6.736683814800158
-29.553895454545454,116.14550984848485,14.534090909090908
-29.792611904761905,116.21546428571429,11.269841269841269
-29.856050000000003,116.23266515151516,348.1969696969697
-29.899873940345373,116.27594557823129,4.055211894421789
-29.983060210210212,116.31114099099099,4.407928040822778
-30.02489814814815,116.30532037037035,12.300925925925926
-30.150024871794873,116.33226602564103,5.502280569447752
-30.211360256410256,116.32614282051281,6.025425101214575
-30.314560238095236,116.34981273809524,4.6404454435282885
-30.452856136363636,116.37906609848486,4.503224378205292
-30.586645238095237,116.39449523809525,8.226190476190476
-30.617491463414638,116.39632764227642,8.721544715447154
-30.79508782051282,116.44516666666667,7.626923076923077
-30.85912962962963,116.48969166666666,12.184259259259258
-30.92750599051008,116.555915599051,4.280617022984508
-31.08537,116.69007666666667,9.033333333333333
-32.370755555555554,118.43571666666668,6.635185185185185
-32.198395833333336,118.12026666666667,8.125
-32.12010314465409,117.83459528301887,5.663836477987421
-33.10856674958541,117.61326708126037,5.738225538971808
-33.09068333333333,117.71882000000001,14.016666666666667
-33.06037642276423,117.89759430894308,9.932926829268293
-33.060435416666664,117.94260208333333,9.010416666666666
-33.079678205128204,118.23240512820513,10.217948717948719
-32.67574761904762,118.00428095238094,11.714285714285714
-30.637649999999997,117.57845000000002,1.3876218323586744
-30.31461794871795,117.08981923076922,6.213675213675213
-31.705468055555556,116.62498263888888,4.426967592592592
-31.6291537037037,116.57395,9.083333333333334
-31.498493217054264,116.52701317829457,2.73343946105574
-31.445804301075267,116.51057473118279,3.5300691244239633
-31.374908480825958,116.50137182890855,3.203409011097064
-31.32518125,116.48948958333334,5.114583333333333
-31.294437903225806,116.47830806451613,2.8709149385560675
-31.17828484848485,116.43894393939394,5.863636363636363
-31.13665488505747,116.43693180076627,2.7248414979018425
-31.06715,116.41653333333333,4.708333333333334
-32.26278974358974,116.78471923076924,4.162927350427351
-31.413178846153848,117.9717782051282,12.180769230769231
-30.338399999999996,116.48867222222223,9.88888888888889
-30.28518154761905,116.4064244047619,2.068452380952381
-30.23439541062802,116.36548405797102,3.5380032206119165
-30.168616666666665,116.307925,9.333333333333334
-29.958758333333332,116.16622083333334,7.333333333333334
-29.9066875,116.14603333333332,7.583333333333333
-29.419832986111114,115.93394618055555,5.46875
-29.352072222222223,115.88470555555556,8.555555555555555
-29.29646398305085,115.8420731638418,3.720527306967985
-29.093208333333333,115.77825833333333,8.166666666666668
-29.177205757575756,115.88935090909092,3.7953535353535353
-29.268104166666667,115.91734583333333,11.666666666666666
-29.30340625,115.91405833333333,8.25
-29.33914722222222,115.92958611111112,9.63888888888889
-29.46269404761905,115.98238373015872,4.5366732804232806
-29.6600125,116.01299999999999,6.75
-29.79415572916667,116.03037239583334,3.6442708333333336
-29.997809999999998,116.12545,8.933333333333334
-30.20384166666667,116.214425,8.166666666666666
-30.241960209513994,116.23435065258458,3.288185232847247
-30.327812137681157,116.29044906559878,3.3469604447331536
-30.387774465522433,116.32570212285455,4.025375276880684
-30.4703375,116.45035,8.583333333333332
-30.463991025641025,116.49351987179487,6.385897435897435
-30.530509375,116.53510833333333,5.986805555555556
-32.49891922043011,118.20306438172044,6.481499615975422
-32.41121800934034,118.12845002918857,4.172122117457348
-30.252973112986403,116.89793363806844,4.046869938137525
-30.371898245614034,117.0302442571272,5.657089950011662
-31.817141666666664,118.58678333333333,11.5
-31.842335714285717,118.6784,6.25
-32.19512222222222,118.70426111111111,5.25
-32.20352666666666,118.45129999999999,6.35
-32.19583333333333,118.23953333333333,8.875
-30.870987858002408,116.59274518652227,3.673212495589215
-30.808619444444446,116.52309166666667,6.527777777777778
-30.751834368008947,116.46733266219239,3.1099023103350847
-30.63531017921147,116.35868381123058,4.025551767840126
-30.537541087130297,116.3412715427658,3.436430332315358
-30.471261683848798,116.31618986254294,3.5803333141560456
-30.539213450604123,116.45109150675195,3.0812167537999624
-30.591122222222225,116.46722222222222,4.666666666666667
-30.704751985174017,116.50808933283076,2.5434806322182637
-30.770232351891504,116.54902144004282,4.507326282310973
-30.792605357142858,116.56579345238094,6.19702380952381
-31.918284946236557,117.96659327956988,3.829435483870968
-31.860105952380952,118.22052261904761,9.041666666666666
-32.41838225806451,117.98293978494624,5.788172043010753
-32.933332407407406,117.48604722222223,4.004166666666666
-31.30265,118.17506666666667,5.125
-31.15090606060606,118.16470858585859,5.158152958152958
-30.470330303030302,117.16741477272727,8.179964114832536
-31.17101071428571,118.00533214285714,7.405952380952381
-31.238341414141416,117.97027424242424,7.801010101010101
-31.006979324894512,117.50203270042195,4.033807931344867
-31.028759074074074,117.47324194444445,3.165401557196578
-31.35599366197183,117.79486936619718,2.9369340555603256
-33.77265849633252,117.55000571515892,3.248865302416638
-33.77733833333333,117.59123166666666,6.566666666666667
-33.759667361111106,117.61907222222221,8.316666666666666
-33.73780766738661,117.69420628749701,3.2811381962013195
-33.67765555555556,117.80070303030304,13.556060606060607
-33.54941052631579,117.96363421052631,8.267713142505386
-33.49593333333333,118.019875,5.125
-33.458755794761394,118.05863245425188,3.0010697905876316
-33.42349432234432,118.02207586996337,2.7231245338631664
-33.34961322773973,117.94071024543379,2.466611680458615
-33.203935606060604,117.78200151515152,5.762121212121212
-33.004122448979594,117.52606190476192,7.342225461613217
-31.750558333333334,116.68017499999999,7.234999999999999
-30.506124999999997,117.64517222222223,8.0
-30.81170555555555,118.27462777777778,6.583333333333333
-31.097842999999997,119.04785666666666,6.877999999999999
-31.1407875,119.12135833333333,9.125
-30.901458333333334,117.45259999999999,9.125
-33.02968333333333,117.07683333333334,6.5
-33.55711142857143,117.46845190476192,5.652857142857143
-33.50742666666667,117.53156666666666,9.9
-33.46745,117.58126904761905,9.464285714285714
-33.35024,117.75132333333333,10.05
-33.21375925925926,117.862825,4.9430555555555555
-33.19646875,117.90353958333333,8.15625
-33.090133333333334,118.0315,7.0
-32.87112777777778,118.27192777777778,12.083333333333334
-32.83379444444444,118.33177333333333,5.1483333333333325
-32.80397777777778,118.37819444444445,9.916666666666666
-32.33855,118.8651611111111,5.583333333333333
-32.304875362318846,118.89706304347827,4.1
-32.256791666666665,118.94141666666667,7.75
-31.967808235294118,118.5796962745098,3.2709313725490192
-31.89310987654321,118.34373580246913,4.703703703703703
-30.605943333333336,116.64994666666666,12.583333333333332
-30.554410833333336,117.18544347222222,4.852824074074074
-30.590936666666664,117.24553,12.433333333333334
-30.62176333333333,117.53619,7.4
-29.997808666666664,116.874616,6.643111111111112
-30.049779487179485,117.02088461538462,6.912820512820513
-30.10419750957854,117.09834252873563,4.182567049808429
-30.12331111111111,117.36213055555555,8.61111111111111
-30.19261590909091,117.5688553030303,7.75
-30.20558282828283,117.61845303030303,4.988888888888889
-30.210165,117.72398944444444,6.928518518518518
-30.201724242424245,117.79702878787879,6.449494949494949
-30.225291666666667,117.86574166666666,9.166666666666668
-30.239475,117.89201666666666,11.166666666666668
-30.362116666666665,118.29115,9.0
-30.381894105691057,118.33745081300813,4.828116531165311
-30.379783333333332,118.38414166666666,10.166666666666668
-30.677141666666667,118.87163333333334,17.833333333333332
-30.703741666666666,118.92480833333335,8.5
-30.747171052631575,118.96004692982457,5.07046783625731
-30.828154166666668,119.07629583333333,8.583333333333334
-30.920926666666666,119.21479,8.733333333333333
-30.990033333333333,119.29706666666668,12.0
-31.024603086419752,119.36177654320988,5.265432098765432
-31.05873125,119.43618125,5.673611111111112
-31.11525,119.49498333333332,8.833333333333332
-31.179417307692308,119.62848846153847,6.07905982905983
-31.26637575757576,119.70959696969697,7.363636363636363
-31.362849999999998,119.20493333333333,8.305555555555555
-31.428863888888888,119.0220361111111,8.305555555555555
-31.435555555555556,118.99282777777778,8.888888888888888
-31.525499999999997,118.77901428571428,10.095238095238097
-31.618502499999998,118.54911666666666,3.7152777777777777
-30.184583333333332,116.49678333333334,6.583333333333333
-30.132108333333335,116.46121666666667,4.083333333333333
-29.918383333333335,116.31855,5.75
-30.111314166666666,116.37152416666667,4.1981714703425235
-30.26804292929293,116.49254646464647,3.1155262057422206
-31.426745333333333,117.22830533333334,2.0181666666666667
-33.53006666666667,117.46771111111111,12.222222222222223
-33.48152878787879,117.53195000000001,5.939393939393939
-33.44499166666667,117.53949166666666,13.666666666666668
-33.381600000000006,117.53295,5.42
-33.34599166666666,117.548475,9.166666666666666
-33.23962777777778,117.64813777777778,7.267777777777778
-33.14011381766382,117.79680455840456,3.3839506172839506
-32.60112857142857,118.11059285714285,9.619047619047619
-32.55965,118.19715000000001,8.233333333333333
-32.51787,118.21625666666667,7.3
-32.16425833333333,118.55166666666666,8.166666666666666
-32.06576333333334,118.61674000000001,9.133333333333333
-32.01410416666667,118.64334166666667,14.0
-31.79964047619048,118.8020380952381,8.761904761904763
-31.624724999999998,119.05506666666668,10.5
-31.3348,119.294725,8.166666666666668
-32.650616666666664,117.88498333333334,6.625
-32.86402857142857,117.34925,8.142857142857142
-31.080891666666666,117.24150833333333,9.125
-30.653313333333337,117.00636,9.4
-33.144729166666664,117.32631666666667,8.458333333333334
-33.18269047619047,117.35089047619047,10.523809523809522
-33.21291666666667,117.36707916666666,8.916666666666668
-33.27428333333333,117.35290333333333,16.6
-33.102525,117.30574166666666,6.833333333333334
-29.956983898305086,116.4882302259887,5.981450094161959
-29.492566666666665,116.31319444444443,8.166666666666666
-29.499990151515153,116.38263838383838,7.427672558922559
-29.400436666666668,116.33977374999999,4.52125
-29.572488,116.45853033333333,5.987666666666667
-29.619256666666665,116.51127999999999,11.333333333333332
-29.680713333333337,116.57202333333335,9.2
-29.729816666666665,116.63065784313726,7.106862745098039
-29.910856172839505,116.73332716049383,3.5901234567901237
-29.92280333333333,116.76025333333334,8.866666666666665
-29.949716666666667,116.8168875,9.0
-30.082216666666667,116.98775,10.0
-30.137533333333334,117.00494166666667,12.833333333333334
-31.241691666666668,118.16079166666665,8.0
-30.510593333333333,117.45923666666667,11.333333333333334
-30.51591111111111,117.52804444444445,9.222222222222223
-30.582840277777777,117.708475,8.106481481481481
-31.132429166666668,118.79357916666667,9.625
-31.323788405797103,119.214065942029,3.4251207729468596
-31.57403717948718,118.55920128205129,2.088888888888889
-33.15567878787879,117.5388462121212,3.8492424242424246
-33.09781666666667,117.65156785714285,3.857142857142857
-32.82944777777778,118.15395444444445,3.856666666666667
-32.77821481481482,118.23387592592593,4.655555555555555
-32.09180833333333,118.05295000000001,4.800000000000001
-29.587408333333336,116.38035833333333,7.875
-29.52265,116.34968333333335,9.583333333333334
-29.66903333333333,116.5187,7.75
-29.699866666666665,116.55078333333333,13.75
-29.751683333333332,116.72551666666666,6.5
-29.836221428571427,117.17554047619048,8.142857142857142
-29.85819111111111,117.27609222222222,6.875
-29.879795833333333,117.35569791666667,7.4375
-29.935616666666668,117.59694166666667,8.75
-30.079483333333336,117.90516666666667,12.625
-30.50080833333333,117.96905833333332,7.75
-30.613576190476188,117.83433571428573,3.460714285714286
-30.09101666666667,116.7434875,7.916666666666667
-30.826101041666668,117.91648645833334,5.28125
-31.2521625,118.7159125,9.75
-31.0082375,116.72678333333333,8.1875
-30.784844444444445,116.63056666666667,9.333333333333334
-30.738111111111113,116.62438333333334,9.666666666666666
-30.27133611111111,116.43351666666666,9.125
-30.121972222222222,116.40599444444445,7.666666666666667
-30.102133333333335,116.39856666666667,11.125
-30.028233333333333,116.37716666666665,8.375
-29.656791269841268,116.27070952380953,7.333333333333333
-29.649166666666666,116.67630833333334,7.5
-29.717675,116.93373333333334,13.5
-29.786469047619047,117.07011666666666,7.964285714285714
-30.0784,117.78130222222222,6.95
-30.153225,117.95398333333333,9.0
-30.18841111111111,118.03391666666666,8.5
-30.5477,117.97121333333334,8.4
-33.13122222222222,116.74922500000001,6.145833333333333
-32.70616666666666,117.09950833333333,8.666666666666666
-31.421908333333334,119.12855833333333,7.875
-31.448877777777778,119.07645925925925,4.4
-31.46248333333333,119.00692142857143,5.860714285714286
-31.651280303030305,118.79917878787879,7.204545454545454
-31.6887,118.75577777777778,7.583333333333333
-31.766793749999998,118.6496625,6.75
-31.793333333333337,118.60680833333333,7.0
-31.919024999999998,118.46030833333333,8.625
-32.034866666666666,118.33168333333333,7.875
-32.48069666666667,117.81903333333332,5.203333333333333
-32.48217492997199,117.99860210084034,5.752862022001784
-30.888278442028987,118.8772231884058,3.9639492753623187
-30.807683333333333,118.79506666666666,6.8
-30.763366666666666,118.80020138888888,5.414583333333333
-30.639704166666668,118.73238333333333,7.3500000000000005
-30.61565555555556,118.69985000000001,8.466666666666667
-30.49201111111111,118.50400555555557,6.3
-30.404591666666665,118.39915555555557,4.866666666666666
-30.330022222222222,118.31756666666666,5.866666666666667
-30.200537222222223,118.26689277777777,5.395
-30.159461111111113,118.17042222222221,8.4
-30.05991025641026,118.00194358974358,4.076923076923077
-29.999366666666667,117.83358333333334,2.4
-29.945806666666662,117.70734,3.2399999999999998
-29.870216666666664,117.50638,5.346666666666667
-29.87361855345912,117.40126855345912,3.050943396226415
-29.88491238095238,117.2883076190476,3.620952380952381
-29.874797916666665,117.21909583333333,6.862500000000001
-29.857376666666664,117.09550666666667,12.239999999999998
-29.852146296296294,117.03833333333334,5.177777777777778
-29.84626666666667,116.95966666666668,8.533333333333333
-29.70195,116.70267916666667,5.8999999999999995
-29.591988095238094,116.60325833333333,4.008630952380953
-29.249347916666665,116.06976999999999,4.501250000000001
-29.33887916666667,116.09629444444444,3.216666666666667
-29.463351515151512,116.16624242424244,3.747727272727273
-30.69835,116.57672777777778,14.916666666666666
-30.669517283950615,117.11426975308642,5.4326388888888895
-30.609616666666668,117.86581666666666,8.375
-31.159181438679244,117.72436731132075,3.4128558399520856
-32.41557777777778,117.65939444444444,6.916666666666667
-31.265175,117.77593333333334,7.833333333333334
-31.277841666666667,117.796425,6.833333333333334
-30.488833333333332,117.24445833333334,5.5
-30.478218181818182,117.2188101010101,5.481818181818182
-33.16059111111111,117.03793666666667,3.9283333333333332
-33.60810166666667,117.07325,6.5
-33.74545833333333,117.13295,6.75
-33.542276666666666,117.87195333333334,7.8
-33.530004166666664,117.93396666666666,10.8125
-33.45106428571428,118.38730476190476,7.678571428571429
-33.43715833333333,118.45121666666667,6.25
-33.238641666666666,118.9987,7.25
-33.217052083333336,119.03361041666666,6.71875
-33.2006462962963,119.1711962962963,7.055555555555555
-33.17109166666667,119.35610833333334,7.5
-32.95064523809524,119.57198333333334,7.428571428571429
-32.9261137254902,119.51442843137255,6.123529411764705
-32.832766666666664,119.21203333333334,8.083333333333334
-32.80094375,119.1568375,7.0
-32.77902352941176,119.08258921568627,6.791176470588235
-32.66531666666667,118.791725,5.375
-32.666608333333336,118.745975,8.0
-32.65804166666667,118.71769166666667,9.125
-32.47746666666667,118.1982,7.5
-30.59349294871795,117.80467371794872,5.911538461538461
-30.840491666666665,118.39829166666667,8.75
-33.5656125,117.5375375,11.166666666666666
-33.43252619047619,117.9908507936508,4.492063492063492
-33.36742777777778,118.16792777777778,9.0
-33.347433333333335,118.32999166666667,8.5
-33.339757575757574,118.38932575757576,5.666666666666667
-33.26564444444444,118.52681666666666,10.888888888888888
-33.21920031446541,118.63808710691823,5.421383647798741
-33.20184761904762,118.72635000000001,9.285714285714286
-33.09558392857143,119.00074047619047,6.607142857142857
-32.96726666666667,118.81188333333333,8.333333333333334
-32.924644444444446,118.74912777777779,8.666666666666666
-32.869708333333335,118.62907916666667,11.083333333333334
-32.83358333333334,118.57580555555556,12.888888888888891
-31.723750000000003,118.05874166666666,6.5
-30.868666666666666,117.03236111111111,8.0
-33.04921944444444,117.10494166666666,5.0249999999999995
-33.17753888888888,118.21942222222224,6.583333333333333
-32.923716666666664,118.481825,4.475
-32.434775,118.40599166666667,7.125
-32.257083333333334,118.37489166666667,8.0
-32.02800833333333,118.1917,9.0
-32.02386666666666,118.14486666666667,8.25
-30.71461111111111,117.43529444444444,8.583333333333334
